Séance;Ticker;Instrument;Ouverture;Dernier Cours;Plus Haut;Plus Bas;Volume (MAD);Titres Échangés;Nb Transactions;Capitalisation
10/09/2026;CSR  ;COSUMAR;194.10;194.50;195.00;194.10;351584.80;1808;27;18377749313.50
09/09/2026;CSR  ;COSUMAR;194.50;195.00;195.00;194.00;1144429.90;5886;81;18424992885.00
08/09/2026;CSR  ;COSUMAR;195.50;194.00;195.50;193.00;2899022.15;14952;50;18330505742.00
07/09/2026;CSR  ;COSUMAR;194.00;191.50;194.00;190.20;6054979.20;31520;46;18094287884.50
04/09/2026;CSR  ;COSUMAR;189.25;193.40;193.40;189.15;2883542.60;14948;68;18273813456.20
03/09/2026;CSR  ;COSUMAR;189.00;190.00;191.00;189.00;4058942.80;21367;36;17952557170.00
02/09/2026;CSR  ;COSUMAR;191.00;190.00;191.85;188.00;1266914.45;6691;67;17952557170.00
01/09/2026;CSR  ;COSUMAR;190.30;191.90;194.00;190.15;269002.80;1413;65;18132082741.70
31/08/2026;CSR  ;COSUMAR;198.00;192.00;198.00;192.00;1864929.70;9654;149;18141531456.00
28/08/2026;CSR  ;COSUMAR;197.50;198.40;199.00;196.60;19234350.95;96982;144;18746249171.20
27/08/2026;CSR  ;COSUMAR;198.00;197.30;198.00;196.30;3204889.10;16267;51;18642313313.90
24/08/2026;CSR  ;COSUMAR;198.00;198.00;198.15;196.50;2655087.90;13419;118;18708454314.00
19/08/2026;CSR  ;COSUMAR;195.80;198.00;198.00;192.15;10508486.85;53528;107;18708454314.00
18/08/2026;CSR  ;COSUMAR;195.00;196.00;196.00;192.10;1129726.80;5767;67;18519480028.00
17/08/2026;CSR  ;COSUMAR;195.00;195.70;195.70;191.20;2273880.20;11626;76;18491133885.10
13/08/2026;CSR  ;COSUMAR;194.30;195.65;196.50;194.10;39288992.45;201277;163;18486409527.95
12/08/2026;CSR  ;COSUMAR;194.85;196.50;196.50;191.00;4530724.95;23377;127;18566723599.50
11/08/2026;CSR  ;COSUMAR;194.90;195.00;195.00;190.00;3935978.65;20301;115;18424992885.00
10/08/2026;CSR  ;COSUMAR;190.00;193.00;193.00;189.00;2280968.40;11885;159;18236018599.00
07/08/2026;CSR  ;COSUMAR;186.95;188.60;189.90;185.00;5178318.55;27504;115;17820275169.80
06/08/2026;CSR  ;COSUMAR;186.90;186.00;186.90;184.00;7953900.30;42920;75;17574608598.00
05/08/2026;CSR  ;COSUMAR;187.00;187.30;187.30;182.00;2235434.80;12225;75;17697441883.90
04/08/2026;CSR  ;COSUMAR;187.40;187.00;187.40;183.20;450336.75;2411;60;17669095741.00
03/08/2026;CSR  ;COSUMAR;186.00;186.00;186.00;183.00;193188.80;1040;44;17574608598.00
31/07/2026;CSR  ;COSUMAR;185.00;186.00;186.00;182.25;1303955.60;7098;67;17574608598.00
29/07/2026;CSR  ;COSUMAR;184.70;182.00;184.70;181.00;376633.75;2068;67;17196660026.00
28/07/2026;CSR  ;COSUMAR;184.90;181.00;184.90;181.00;8920924.55;49279;103;17102172883.00
27/07/2026;CSR  ;COSUMAR;185.90;182.00;185.90;182.00;362609.75;1983;71;17196660026.00
24/07/2026;CSR  ;COSUMAR;187.40;181.95;187.40;181.95;4791881.30;26305;152;17191935668.85
23/07/2026;CSR  ;COSUMAR;185.00;185.45;187.00;185.00;512048.25;2760;76;17522640669.35
22/07/2026;CSR;COSUMAR;188.20;185.00;189.00;185.00;1026842.00;5507;139;17480121455.00
21/07/2026;CSR;COSUMAR;193.00;195.00;195.00;191.70;1998607.55;10305;104;18424992885.00
20/07/2026;CSR;COSUMAR;193.90;193.00;196.00;190.25;1195807.85;6194;60;18236018599.00
17/07/2026;CSR;COSUMAR;192.00;194.00;194.00;189.70;5764199.05;30182;122;18330505742.00
16/07/2026;CSR;COSUMAR;192.00;192.00;192.50;190.55;2990837.10;15565;78;18141531456.00
15/07/2026;CSR;COSUMAR;193.00;195.00;195.00;190.05;1758468.20;9029;73;18424992885.00
14/07/2026;CSR;COSUMAR;192.90;190.00;194.00;190.00;1519055.80;7957;95;17952557170.00
13/07/2026;CSR;COSUMAR;190.00;192.00;192.00;189.10;2918173.95;15289;86;18141531456.00
10/07/2026;CSR;COSUMAR;189.15;190.00;191.50;189.15;2023021.60;10646;64;17952557170.00
09/07/2026;CSR;COSUMAR;189.00;190.10;191.90;189.00;208896.25;1100;39;17962005884.30
08/07/2026;CSR;COSUMAR;193.00;190.00;194.90;190.00;2184809.55;11434;84;17952557170.00
07/07/2026;CSR;COSUMAR;196.00;193.10;196.00;193.10;388715.30;2003;48;18245467313.30
06/07/2026;CSR;COSUMAR;197.95;194.50;197.95;193.50;6229798.65;31944;62;18377749313.50
03/07/2026;CSR;COSUMAR;197.00;195.00;197.00;193.30;2925867.75;15013;58;18424992885.00
02/07/2026;CSR;COSUMAR;195.25;194.00;198.00;193.20;314123.15;1615;57;18330505742.00
01/07/2026;CSR;COSUMAR;206.00;195.25;206.00;194.00;2856738.40;14295;106;18448614670.75
30/06/2026;CSR;COSUMAR;190.00;206.10;206.10;189.50;5171565.10;25218;143;19473800172.30
29/06/2026;CSR;COSUMAR;189.00;189.50;189.90;187.10;540222.30;2857;60;17905313598.50
26/06/2026;CSR;COSUMAR;186.20;187.40;187.80;186.05;5159349.05;27559;38;17706890598.20
25/06/2026;CSR;COSUMAR;186.00;186.05;187.00;186.00;439780.80;2360;35;17579332955.15
24/06/2026;CSR;COSUMAR;187.95;186.00;187.95;186.00;292701.60;1571;42;17574608598.00
23/06/2026;CSR;COSUMAR;187.00;186.50;188.00;186.00;476575.05;2557;46;17621852169.50
22/06/2026;CSR;COSUMAR;187.45;187.50;187.50;186.10;37512340.40;200600;53;17716339312.50
19/06/2026;CSR;COSUMAR;185.00;186.90;186.90;183.00;9167777.25;49809;46;17659647026.70
18/06/2026;CSR;COSUMAR;189.90;183.00;189.90;183.00;790230.80;4254;89;17291147169.00
16/06/2026;CSR;COSUMAR;186.80;186.75;187.00;185.50;128316.45;688;42;17645473955.25
15/06/2026;CSR;COSUMAR;182.00;185.50;185.50;182.00;3031338.20;16371;91;17527365026.50
12/06/2026;CSR;COSUMAR;180.00;179.70;181.90;179.00;14138354.75;78743;125;16979339597.10
11/06/2026;CSR;COSUMAR;180.00;178.00;180.00;178.00;1143002.50;6406;207;16818711454.00
10/06/2026;CSR;COSUMAR;182.00;178.50;184.00;178.50;23817511.30;132638;262;16865955025.50
09/06/2026;CSR;COSUMAR;182.00;182.00;182.00;180.50;3481014.30;19265;66;17196660026.00
08/06/2026;CSR;COSUMAR;181.00;180.50;181.80;180.00;8324779.00;46109;135;17054929311.50
05/06/2026;CSR;COSUMAR;182.00;181.30;182.00;181.00;574242.60;3157;78;17130519025.90
04/06/2026;CSR;COSUMAR;181.10;182.00;183.45;179.15;674333.25;3726;117;17196660026.00
03/06/2026;CSR;COSUMAR;181.95;183.95;183.95;180.00;180450.35;987;55;17380909954.85
02/06/2026;CSR;COSUMAR;184.95;179.00;184.95;178.00;13343182.85;74456;267;16913198597.00
01/06/2026;CSR;COSUMAR;187.95;184.00;187.95;184.00;2136439.50;11577;137;17385634312.00
26/05/2026;CSR;COSUMAR;189.90;184.00;189.90;184.00;943308.70;5077;105;17385634312.00
25/05/2026;CSR;COSUMAR;185.00;184.20;187.50;184.00;8919601.50;48434;116;17404531740.60
22/05/2026;CSR;COSUMAR;183.00;180.00;183.85;180.00;3858216.25;21425;141;17007685740.00
21/05/2026;CSR;COSUMAR;182.00;180.00;184.95;178.00;4114288.80;23010;167;17007685740.00
20/05/2026;CSR;COSUMAR;183.70;179.00;183.80;179.00;4747784.80;26474;216;16913198597.00
19/05/2026;CSR;COSUMAR;184.80;180.00;185.00;179.05;6381379.00;35270;363;17007685740.00
18/05/2026;CSR;COSUMAR;183.00;183.00;185.00;182.20;678491.65;3704;116;17291147169.00
15/05/2026;CSR;COSUMAR;184.95;183.00;184.95;182.70;2751493.50;15010;185;17291147169.00
14/05/2026;CSR;COSUMAR;185.95;183.55;186.10;183.55;1134750.50;6154;154;17343115097.65
13/05/2026;CSR;COSUMAR;188.40;184.10;188.40;184.10;2130263.75;11525;214;17395083026.30
12/05/2026;CSR;COSUMAR;186.20;185.00;188.80;185.00;1840483.35;9928;190;17480121455.00
11/05/2026;CSR;COSUMAR;188.95;185.15;189.10;185.15;2390147.35;12864;176;17494294526.45
08/05/2026;CSR;COSUMAR;186.10;189.00;189.40;186.10;1646695.00;8748;113;17858070027.00
07/05/2026;CSR;COSUMAR;191.00;185.00;191.60;185.00;6499447.55;35011;423;17480121455.00
06/05/2026;CSR;COSUMAR;188.00;187.00;191.60;185.00;2813078.40;14984;234;17669095741.00
05/05/2026;CSR;COSUMAR;193.95;185.00;193.95;185.00;5034746.95;27165;298;17480121455.00
04/05/2026;CSR;COSUMAR;189.00;189.00;193.45;189.00;3529184.20;18630;105;17858070027.00
30/04/2026;CSR;COSUMAR;185.80;188.00;191.00;185.80;2365943.20;12629;238;17763582884.00
29/04/2026;CSR;COSUMAR;189.00;189.10;193.10;189.00;1415038.30;7460;102;17867518741.30
28/04/2026;CSR;COSUMAR;193.85;189.00;193.85;189.00;1410051.95;7402;157;17858070027.00
27/04/2026;CSR;COSUMAR;193.95;190.00;193.95;190.00;1452906.85;7598;77;17952557170.00
24/04/2026;CSR;COSUMAR;194.50;188.00;196.00;188.00;14639232.30;77405;348;17763582884.00
23/04/2026;CSR;COSUMAR;193.90;193.95;194.30;193.00;261586.25;1351;45;18325781384.85
22/04/2026;CSR;COSUMAR;193.10;194.00;195.00;193.00;165429.65;856;54;18330505742.00
21/04/2026;CSR;COSUMAR;193.00;194.00;196.00;193.00;1434379.85;7385;75;18330505742.00
20/04/2026;CSR;COSUMAR;192.00;191.90;192.00;190.50;3510237.30;18294;115;18132082741.70
17/04/2026;CSR;COSUMAR;190.00;195.00;199.90;189.90;23814173.15;124868;264;18424992885.00
16/04/2026;CSR;COSUMAR;192.10;189.90;192.95;189.65;2646138.15;13909;165;17943108455.70
15/04/2026;CSR;COSUMAR;193.00;190.00;193.95;190.00;5367979.25;28232;244;17952557170.00
14/04/2026;CSR;COSUMAR;193.00;191.30;194.90;191.15;4108118.75;21408;136;18075390455.90
13/04/2026;CSR;COSUMAR;192.95;192.00;192.95;192.00;738284.05;3841;104;18141531456.00
10/04/2026;CSR;COSUMAR;194.00;193.00;195.00;193.00;10549212.80;54629;134;18236018599.00
09/04/2026;CSR;COSUMAR;195.00;193.00;196.90;193.00;3723121.70;19179;103;18236018599.00
08/04/2026;CSR;COSUMAR;195.00;194.70;196.95;194.70;10135437.40;51962;170;18396646742.10
07/04/2026;CSR;COSUMAR;194.90;193.00;194.90;191.00;402464.65;2088;87;18236018599.00
06/04/2026;CSR;COSUMAR;194.95;193.00;195.00;192.00;446465.45;2301;69;18236018599.00
03/04/2026;CSR;COSUMAR;194.70;192.00;194.70;191.50;1573563.70;8162;72;18141531456.00
02/04/2026;CSR;COSUMAR;194.90;194.80;194.90;192.10;333316.75;1716;62;18406095456.40
01/04/2026;CSR;COSUMAR;195.00;193.90;195.00;191.50;1739271.85;8963;84;18321057027.70
31/03/2026;CSR;COSUMAR;192.00;191.90;193.70;191.05;518969.25;2704;43;18132082741.70
30/03/2026;CSR;COSUMAR;192.00;192.00;193.50;190.60;85531.35;446;46;18141531456.00
27/03/2026;CSR;COSUMAR;192.00;190.00;193.90;190.00;6451238.05;33901;115;17952557170.00
26/03/2026;CSR;COSUMAR;195.00;190.90;195.00;190.90;3838012.60;20039;113;18037595598.70
25/03/2026;CSR;COSUMAR;193.40;194.25;196.00;190.55;1887260.50;9720;89;18354127527.75
24/03/2026;CSR;COSUMAR;192.00;190.00;192.80;190.00;5129208.95;26930;135;17952557170.00
19/03/2026;CSR;COSUMAR;193.00;188.00;193.00;187.00;8303627.90;44048;162;17763582884.00
18/03/2026;CSR;COSUMAR;190.00;191.00;192.00;190.00;3149595.95;16517;104;18047044313.00
17/03/2026;CSR;COSUMAR;192.00;190.00;194.95;189.80;12115924.10;63762;99;17952557170.00
16/03/2026;CSR;COSUMAR;190.00;195.00;195.00;187.00;10643239.90;54879;139;18424992885.00
13/03/2026;CSR;COSUMAR;191.00;190.00;191.80;186.30;22277928.70;117619;158;17952557170.00
12/03/2026;CSR;COSUMAR;191.70;189.10;191.70;189.00;9158171.05;48199;113;17867518741.30
11/03/2026;CSR;COSUMAR;189.00;189.00;189.00;186.00;13407192.10;71963;129;17858070027.00
10/03/2026;CSR;COSUMAR;189.00;185.00;189.00;182.50;17887862.20;97093;196;17480121455.00
09/03/2026;CSR;COSUMAR;175.00;175.25;180.00;175.00;11651812.70;66346;550;16558871810.75
06/03/2026;CSR;COSUMAR;181.85;181.85;181.85;181.85;646476.75;3555;37;17182486954.55
05/03/2026;CSR;COSUMAR;165.35;165.35;165.35;165.35;29101.60;176;6;15623449095.05
04/03/2026;CSR;COSUMAR;183.00;150.35;183.00;150.35;15872604.40;96299;835;14206141950.05
03/03/2026;CSR;COSUMAR;186.00;167.00;189.00;167.00;27531968.55;163116;595;15779352881.00
02/03/2026;CSR;COSUMAR;185.00;185.00;189.00;185.00;17902181.85;96708;513;17480121455.00
27/02/2026;CSR;COSUMAR;197.50;190.00;199.95;190.00;16196458.45;83562;588;17952557170.00
26/02/2026;CSR;COSUMAR;202.45;196.35;202.45;196.35;5771328.35;29100;268;18552550528.05
25/02/2026;CSR;COSUMAR;204.40;199.40;204.40;199.40;4982524.20;24919;134;18840736314.20
24/02/2026;CSR;COSUMAR;201.05;201.90;204.75;201.05;8386000.95;41569;52;19076954171.70
23/02/2026;CSR;COSUMAR;204.00;204.00;204.00;200.00;7263524.30;36300;113;19275377172.00
20/02/2026;CSR;COSUMAR;204.00;202.00;204.00;201.50;7740315.30;38199;54;19086402886.00
19/02/2026;CSR;COSUMAR;204.80;203.00;204.80;202.00;2169181.80;10685;23;19180890029.00
18/02/2026;CSR;COSUMAR;202.00;201.50;202.00;201.25;6957247.65;34460;89;19039159314.50
17/02/2026;CSR;COSUMAR;202.00;202.00;202.00;201.20;4461488.25;22167;67;19086402886.00
16/02/2026;CSR;COSUMAR;203.45;202.90;203.45;200.50;1923658.15;9487;76;19171441314.70
13/02/2026;CSR;COSUMAR;203.85;200.00;203.85;200.00;7375328.20;36512;191;18897428600.00
12/02/2026;CSR;COSUMAR;203.90;203.00;203.90;201.00;4027784.20;19843;73;19180890029.00
11/02/2026;CSR;COSUMAR;202.00;203.00;203.10;200.30;4756519.85;23435;49;19180890029.00
10/02/2026;CSR;COSUMAR;204.85;203.00;204.85;200.00;2160459.85;10752;107;19180890029.00
09/02/2026;CSR;COSUMAR;203.00;203.00;204.85;202.00;154241.00;756;65;19180890029.00
06/02/2026;CSR;COSUMAR;200.00;202.95;204.00;200.00;6574789.75;32499;119;19176165671.85
05/02/2026;CSR;COSUMAR;205.00;200.00;205.00;200.00;3849994.70;19235;155;18897428600.00
04/02/2026;CSR;COSUMAR;206.00;204.00;207.70;200.00;4333057.65;21621;147;19275377172.00
03/02/2026;CSR;COSUMAR;206.00;203.00;208.50;203.00;4579478.30;22538;131;19180890029.00
02/02/2026;CSR;COSUMAR;207.00;203.00;210.50;203.00;7575960.60;37183;144;19180890029.00
30/01/2026;CSR;COSUMAR;211.00;206.00;211.90;206.00;1290875.80;6199;104;19464351458.00
29/01/2026;CSR;COSUMAR;208.00;211.00;214.90;205.05;2705825.45;12878;130;19936787173.00
28/01/2026;CSR;COSUMAR;207.00;208.00;208.00;203.15;474910.20;2289;88;19653325744.00
27/01/2026;CSR;COSUMAR;204.90;203.00;204.90;202.00;20769019.00;102326;117;19180890029.00
26/01/2026;CSR;COSUMAR;208.95;202.00;208.95;202.00;721820.60;3546;92;19086402886.00
23/01/2026;CSR;COSUMAR;208.90;203.00;208.90;203.00;8860800.40;43249;156;19180890029.00
22/01/2026;CSR;COSUMAR;208.70;207.80;208.95;206.60;4325928.00;20836;77;19634428315.40
21/01/2026;CSR;COSUMAR;210.00;204.00;210.00;204.00;1721630.50;8416;83;19275377172.00
20/01/2026;CSR;COSUMAR;209.10;208.00;209.25;205.00;1682599.80;8153;117;19653325744.00
19/01/2026;CSR;COSUMAR;212.50;209.00;212.50;209.00;3957696.75;18925;80;19747812887.00
16/01/2026;CSR;COSUMAR;212.25;209.95;212.25;209.10;4945812.70;23548;90;19837575672.85
15/01/2026;CSR;COSUMAR;212.40;210.00;212.40;209.15;3349573.75;15944;101;19842300030.00
13/01/2026;CSR;COSUMAR;211.90;210.00;212.00;210.00;2884843.55;13716;98;19842300030.00
12/01/2026;CSR;COSUMAR;212.00;211.50;212.00;210.00;2059767.90;9745;54;19984030744.50
09/01/2026;CSR;COSUMAR;211.95;211.50;212.00;208.10;21369874.95;101105;81;19984030744.50
08/01/2026;CSR;COSUMAR;212.90;211.35;212.90;208.30;11641687.70;55307;140;19969857673.05
07/01/2026;CSR;COSUMAR;214.50;207.10;214.50;207.10;1271345.30;6041;138;19568287315.30
06/01/2026;CSR;COSUMAR;213.50;213.50;214.85;210.60;13428675.65;62934;137;20173005030.50
05/01/2026;CSR;COSUMAR;207.00;211.00;213.00;207.00;16233937.80;76943;205;19936787173.00
02/01/2026;CSR;COSUMAR;204.80;207.00;207.00;201.60;9815158.75;47664;183;19558838601.00
31/12/2025;CSR;COSUMAR;200.00;203.50;203.50;198.00;3589402.60;17844;82;19228133600.50
30/12/2025;CSR;COSUMAR;198.00;197.00;199.45;197.00;6248042.25;31709;87;18613967171.00
29/12/2025;CSR;COSUMAR;200.00;193.00;202.85;193.00;2365401.65;12016;134;18236018599.00
26/12/2025;CSR;COSUMAR;200.00;190.00;202.00;190.00;21828406.60;114809;177;17952557170.00
25/12/2025;CSR;COSUMAR;200.00;198.00;202.85;198.00;8035224.20;40484;111;18708454314.00
24/12/2025;CSR;COSUMAR;202.95;200.00;202.95;200.00;612284.90;3044;83;18897428600.00
23/12/2025;CSR;COSUMAR;201.00;201.90;203.00;200.00;228754.75;1134;30;19076954171.70
22/12/2025;CSR;COSUMAR;200.05;200.00;204.40;200.00;11257533.75;56132;99;18897428600.00
19/12/2025;CSR;COSUMAR;204.60;200.00;204.60;200.00;9973979.75;49537;90;18897428600.00
18/12/2025;CSR;COSUMAR;204.90;203.00;204.90;201.10;1141129.15;5636;39;19180890029.00
17/12/2025;CSR;COSUMAR;202.00;203.70;204.50;201.55;7917740.35;38995;70;19247031029.10
16/12/2025;CSR;COSUMAR;197.00;200.00;202.00;197.00;9110882.80;45484;78;18897428600.00
15/12/2025;CSR;COSUMAR;198.00;197.65;200.00;197.05;223118.90;1126;51;18675383813.95
12/12/2025;CSR;COSUMAR;201.95;197.05;201.95;197.05;1325754.25;6706;80;18618691528.15
11/12/2025;CSR;COSUMAR;199.40;199.00;205.00;199.00;1373181.65;6874;51;18802941457.00
10/12/2025;CSR;COSUMAR;198.00;198.00;199.40;197.00;6282752.30;31735;48;18708454314.00
09/12/2025;CSR;COSUMAR;200.00;198.00;200.00;197.00;7429384.00;37537;63;18708454314.00
08/12/2025;CSR;COSUMAR;200.00;197.00;202.90;197.00;6518009.25;32798;72;18613967171.00
05/12/2025;CSR;COSUMAR;197.00;198.00;198.90;197.00;26011296.00;131244;48;18708454314.00
04/12/2025;CSR;COSUMAR;200.00;197.00;200.00;195.00;465435.85;2363;54;18613967171.00
03/12/2025;CSR;COSUMAR;200.00;197.00;200.00;197.00;756057.30;3828;64;18613967171.00
02/12/2025;CSR;COSUMAR;199.95;199.90;200.00;198.00;8486254.75;42645;48;18887979885.70
01/12/2025;CSR;COSUMAR;202.75;199.95;202.75;198.00;258373.55;1294;67;18892704242.85
28/11/2025;CSR;COSUMAR;197.00;198.00;200.95;197.00;1094377.75;5519;51;18708454314.00
27/11/2025;CSR;COSUMAR;201.00;196.00;202.00;196.00;625441.85;3166;66;18519480028.00
26/11/2025;CSR;COSUMAR;199.90;200.00;200.50;198.10;1362136.45;6811;53;18897428600.00
25/11/2025;CSR;COSUMAR;199.00;200.00;200.00;196.00;738724.45;3706;69;18897428600.00
24/11/2025;CSR;COSUMAR;200.00;194.00;203.00;194.00;34129243.35;174732;296;18330505742.00
21/11/2025;CSR;COSUMAR;202.00;200.00;202.90;197.05;6730396.10;33607;64;18897428600.00
20/11/2025;CSR;COSUMAR;204.70;195.00;204.70;195.00;2153340.05;10909;144;18424992885.00
19/11/2025;CSR;COSUMAR;204.00;198.00;208.60;198.00;8679919.55;43773;208;18708454314.00
17/11/2025;CSR;COSUMAR;211.90;204.00;211.90;204.00;848655.40;4131;73;19275377172.00
14/11/2025;CSR;COSUMAR;211.80;204.00;212.00;204.00;7769093.65;37892;63;19275377172.00
13/11/2025;CSR;COSUMAR;209.90;207.00;212.30;207.00;837224.20;3997;64;19558838601.00
12/11/2025;CSR;COSUMAR;208.00;204.00;213.05;202.00;727382.05;3539;80;19275377172.00
11/11/2025;CSR;COSUMAR;209.00;200.00;209.00;200.00;4637689.75;22990;228;18897428600.00
10/11/2025;CSR;COSUMAR;214.00;205.95;217.00;205.95;3455450.30;16579;147;19459627100.85
07/11/2025;CSR;COSUMAR;216.00;210.00;216.00;210.00;1723156.70;8182;49;19842300030.00
05/11/2025;CSR;COSUMAR;214.15;210.00;215.00;210.00;6965882.80;33086;85;19842300030.00
04/11/2025;CSR;COSUMAR;215.50;215.70;217.50;214.00;523529.20;2443;31;20380876745.10
03/11/2025;CSR;COSUMAR;218.50;215.00;218.50;215.00;2416636.05;11232;51;20314735745.00
31/10/2025;CSR;COSUMAR;216.00;217.00;218.70;216.00;3241001.70;14950;45;20503710031.00
30/10/2025;CSR;COSUMAR;218.95;217.00;218.95;216.10;2336555.95;10775;21;20503710031.00
29/10/2025;CSR;COSUMAR;216.00;216.40;219.00;216.00;17434919.20;80360;41;20447017745.20
28/10/2025;CSR;COSUMAR;218.10;218.00;219.50;217.00;2860330.35;13121;41;20598197174.00
27/10/2025;CSR;COSUMAR;219.00;219.00;220.00;218.15;502316.35;2291;49;20692684317.00
24/10/2025;CSR;COSUMAR;210.30;218.10;218.10;210.30;7654753.10;35491;87;20607645888.30
23/10/2025;CSR;COSUMAR;213.90;213.00;213.90;212.00;5618827.80;26444;27;20125761459.00
22/10/2025;CSR;COSUMAR;211.05;212.00;213.95;210.20;23124352.60;109576;87;20031274316.00
21/10/2025;CSR;COSUMAR;209.60;213.00;213.00;208.00;7274448.70;34307;60;20125761459.00
20/10/2025;CSR;COSUMAR;208.90;207.00;208.90;205.00;818680.15;3954;42;19558838601.00
17/10/2025;CSR;COSUMAR;206.00;204.00;207.35;203.20;1200277.25;5863;35;19275377172.00
16/10/2025;CSR;COSUMAR;200.00;204.25;204.25;199.00;15777292.45;78101;42;19298998957.75
15/10/2025;CSR;COSUMAR;204.45;198.90;204.45;197.00;14420995.60;72953;110;18793492742.70
14/10/2025;CSR;COSUMAR;208.00;198.00;209.60;198.00;29102169.45;145746;203;18708454314.00
13/10/2025;CSR;COSUMAR;207.95;204.05;208.00;200.05;2962021.55;14533;66;19280101529.15
10/10/2025;CSR;COSUMAR;207.95;204.00;207.95;202.00;15185828.35;74429;80;19275377172.00
09/10/2025;CSR;COSUMAR;210.00;201.00;210.00;201.00;31039387.85;152451;207;18991915743.00
08/10/2025;CSR;COSUMAR;210.00;210.00;210.00;205.00;4969185.05;24201;78;19842300030.00
07/10/2025;CSR;COSUMAR;214.00;208.00;214.00;208.00;795075.00;3799;104;19653325744.00
06/10/2025;CSR;COSUMAR;213.90;213.95;218.75;212.00;187610.35;875;39;20215524244.85
03/10/2025;CSR;COSUMAR;209.00;207.50;214.00;207.50;23923790.30;114849;114;19606082172.50
02/10/2025;CSR;COSUMAR;207.00;203.00;208.00;198.00;3599398.20;17823;177;19180890029.00
01/10/2025;CSR;COSUMAR;215.00;201.00;215.00;201.00;4852828.55;23846;184;18991915743.00
30/09/2025;CSR;COSUMAR;217.70;214.00;217.70;205.00;4894960.00;23538;121;20220248602.00
29/09/2025;CSR;COSUMAR;215.00;207.00;219.55;207.00;5744415.65;27707;97;19558838601.00
26/09/2025;CSR;COSUMAR;217.15;215.00;220.00;215.00;6430520.15;29901;105;20314735745.00
25/09/2025;CSR;COSUMAR;219.50;217.00;219.50;217.00;6184389.95;28489;111;20503710031.00
24/09/2025;CSR;COSUMAR;222.00;220.00;223.00;220.00;2846984.20;12831;58;20787171460.00
23/09/2025;CSR;COSUMAR;228.90;223.60;228.90;223.60;2001455.70;8949;29;21127325174.80
22/09/2025;CSR;COSUMAR;229.95;225.00;229.95;225.00;15505031.55;68902;43;21259607175.00
19/09/2025;CSR;COSUMAR;222.00;230.00;230.00;219.00;12629897.35;56304;94;21732042890.00
18/09/2025;CSR;COSUMAR;224.95;220.10;224.95;220.00;2077729.35;9431;63;20796620174.30
17/09/2025;CSR;COSUMAR;223.90;216.00;223.90;216.00;3715250.15;17075;100;20409222888.00
16/09/2025;CSR;COSUMAR;226.00;216.20;226.00;216.20;2221804.20;10140;100;20428120316.60
15/09/2025;CSR;COSUMAR;230.90;222.00;230.90;222.00;1381965.90;6197;67;20976145746.00
12/09/2025;CSR;COSUMAR;227.00;222.00;230.00;219.95;3187695.90;14375;213;20976145746.00
11/09/2025;CSR;COSUMAR;232.45;227.00;232.45;227.00;1153576.00;5077;56;21448581461.00
10/09/2025;CSR;COSUMAR;224.90;226.00;228.90;220.05;1132088.20;5037;111;21354094318.00
09/09/2025;CSR;COSUMAR;230.00;215.50;232.00;215.50;14875480.05;67181;291;20361979316.50
08/09/2025;CSR;COSUMAR;235.90;229.95;235.90;229.95;8913049.55;38706;157;21727318532.85
04/09/2025;CSR;COSUMAR;236.00;233.00;236.00;233.00;4120547.00;17600;84;22015504319.00
03/09/2025;CSR;COSUMAR;235.85;236.00;239.00;235.00;15855628.85;67151;149;22298965748.00
02/09/2025;CSR;COSUMAR;234.00;233.05;237.95;232.00;6425614.65;27570;60;22020228676.15
01/09/2025;CSR;COSUMAR;234.70;237.20;238.00;232.00;4541653.90;19566;61;22412350319.60
29/08/2025;CSR;COSUMAR;236.00;237.95;238.00;232.15;9518119.85;40517;68;22483215676.85
28/08/2025;CSR;COSUMAR;240.00;234.90;240.00;234.90;1441584.30;6052;76;22195029890.70
27/08/2025;CSR;COSUMAR;238.00;237.80;238.00;236.10;277729.90;1169;34;22469042605.40
26/08/2025;CSR;COSUMAR;238.90;232.05;238.90;232.05;1880516.30;8080;75;21925741533.15
25/08/2025;CSR;COSUMAR;236.50;236.05;239.00;236.00;472026.95;1999;57;22303690105.15
22/08/2025;CSR;COSUMAR;232.20;237.00;239.00;232.20;2716202.80;11560;46;22393452891.00
19/08/2025;CSR;COSUMAR;240.00;235.00;240.00;234.90;24043991.85;101669;160;22204478605.00
18/08/2025;CSR;COSUMAR;243.90;240.00;243.90;240.00;26329263.60;109681;54;22676914320.00
15/08/2025;CSR;COSUMAR;245.00;243.95;245.00;240.10;5235733.95;21554;50;23050138534.85
13/08/2025;CSR;COSUMAR;244.50;244.00;244.80;240.00;2359809.75;9824;63;23054862892.00
12/08/2025;CSR;COSUMAR;244.00;240.15;244.90;240.00;3295474.75;13639;54;22691087391.45
11/08/2025;CSR;COSUMAR;245.00;243.90;245.00;242.10;173183.90;711;26;23045414177.70
08/08/2025;CSR;COSUMAR;246.90;245.10;246.90;240.55;7775799.05;31746;28;23158798749.30
07/08/2025;CSR;COSUMAR;241.95;244.95;247.85;240.00;347442.60;1432;25;23144625677.85
06/08/2025;CSR;COSUMAR;240.00;240.00;243.90;239.60;39383449.20;164095;72;22676914320.00
05/08/2025;CSR;COSUMAR;243.90;239.55;243.90;239.55;10132370.25;42043;80;22634395105.65
04/08/2025;CSR;COSUMAR;250.00;242.00;250.00;241.00;3366427.50;13789;61;22865888606.00
01/08/2025;CSR;COSUMAR;248.95;245.00;248.95;245.00;338778.10;1380;40;23149350035.00
31/07/2025;CSR;COSUMAR;249.00;249.90;250.00;243.55;44754992.70;182128;86;23612337035.70
29/07/2025;CSR;COSUMAR;240.90;242.00;249.00;240.00;7288599.85;29948;71;22865888606.00
28/07/2025;CSR;COSUMAR;243.00;235.50;245.50;235.50;3617642.20;15164;48;22251722176.50
25/07/2025;CSR;COSUMAR;241.20;242.00;245.00;241.20;12584712.70;51808;33;22865888606.00
24/07/2025;CSR;COSUMAR;245.00;242.00;245.00;242.00;8367176.55;34296;42;22865888606.00
23/07/2025;CSR;COSUMAR;249.00;244.00;249.00;242.00;11703706.00;47772;40;23054862892.00
22/07/2025;CSR;COSUMAR;249.50;249.00;249.50;248.00;416034.15;1671;25;23527298607.00
21/07/2025;CSR;COSUMAR;255.00;253.90;260.00;246.00;214206.40;842;36;23990285607.70
18/07/2025;CSR;COSUMAR;259.00;266.00;266.00;255.00;8228099.55;31696;68;25133580038.00
17/07/2025;CSR;COSUMAR;258.50;260.00;260.00;255.00;2764390.65;10644;26;24566657180.00
16/07/2025;CSR;COSUMAR;256.50;255.10;257.00;255.10;4149749.20;16149;16;24103670179.30
15/07/2025;CSR;COSUMAR;257.00;256.50;259.00;255.00;11748666.40;45847;46;24235952179.50
14/07/2025;CSR;COSUMAR;261.60;258.00;262.20;258.00;357270.60;1367;17;24377682894.00
11/07/2025;CSR;COSUMAR;260.00;261.60;262.00;259.90;30368505.50;116753;69;24717836608.80
10/07/2025;CSR;COSUMAR;260.90;255.20;260.90;255.00;9028039.80;35002;25;24113118893.60
09/07/2025;CSR;COSUMAR;259.00;260.85;260.85;254.00;482890.90;1873;41;24646971251.55
08/07/2025;CSR;COSUMAR;245.40;259.90;260.00;245.40;16793938.00;65210;79;24557208465.70
07/07/2025;CSR;COSUMAR;252.40;252.00;252.40;247.00;621589.30;2470;21;23810760036.00
04/07/2025;CSR;COSUMAR;252.85;252.10;252.85;246.60;23937538.65;94977;47;23820208750.30
03/07/2025;CSR;COSUMAR;242.00;250.75;252.95;242.00;31506697.75;126129;92;23692651107.25
02/07/2025;CSR;COSUMAR;237.80;242.00;243.00;236.00;12418163.40;51671;51;22865888606.00
01/07/2025;CSR;COSUMAR;230.00;235.75;235.75;230.00;767981.50;3281;22;22275343962.25
30/06/2025;CSR;COSUMAR;235.00;235.00;235.00;230.00;235433.50;1010;18;22204478605.00
26/06/2025;CSR;COSUMAR;235.20;230.00;235.20;230.00;169537.80;721;19;21732042890.00
25/06/2025;CSR;COSUMAR;234.80;235.15;235.15;230.50;3767377.95;16032;17;22218651676.45
24/06/2025;CSR;COSUMAR;229.60;230.00;234.90;229.60;326146.60;1417;20;21732042890.00
23/06/2025;CSR;COSUMAR;228.20;229.00;229.00;228.10;649619.30;2838;19;21637555747.00
20/06/2025;CSR;COSUMAR;230.00;230.15;234.40;227.00;10779878.60;46477;23;21746215961.45
19/06/2025;CSR;COSUMAR;228.20;227.00;230.00;225.10;9497703.40;41338;50;21448581461.00
18/06/2025;CSR;COSUMAR;230.50;229.00;231.00;229.00;1487635.00;6495;26;21637555747.00
17/06/2025;CSR;COSUMAR;230.50;230.50;234.95;229.20;9044347.25;38983;20;21779286461.50
16/06/2025;CSR;COSUMAR;236.00;234.00;236.00;230.00;488099.70;2086;20;22109991462.00
13/06/2025;CSR;COSUMAR;235.00;235.00;236.00;227.00;8233824.55;35099;50;22204478605.00
12/06/2025;CSR;COSUMAR;236.45;236.00;236.45;235.10;12410525.90;52588;33;22298965748.00
11/06/2025;CSR;COSUMAR;236.00;235.10;240.00;235.10;5556890.60;23546;8;22213927319.30
10/06/2025;CSR;COSUMAR;243.90;238.00;243.90;235.00;9764569.55;41538;30;22487940034.00
06/06/2025;CSR;COSUMAR;239.95;243.00;243.00;237.45;1540143.35;6389;25;22960375749.00
05/06/2025;CSR;COSUMAR;233.00;237.50;242.50;230.00;4747032.55;20230;132;22440696462.50
04/06/2025;CSR;COSUMAR;232.00;235.00;235.00;231.10;822757.65;3505;29;22204478605.00
03/06/2025;CSR;COSUMAR;233.00;235.00;235.00;227.20;901164.25;3857;34;22204478605.00
02/06/2025;CSR;COSUMAR;230.00;233.00;233.00;228.50;127488.30;552;14;22015504319.00
30/05/2025;CSR;COSUMAR;228.15;230.00;234.00;228.15;12291478.15;52999;33;21732042890.00
29/05/2025;CSR;COSUMAR;230.10;230.00;230.10;227.20;594340.20;2585;19;21732042890.00
28/05/2025;CSR;COSUMAR;230.10;230.20;234.95;230.00;2535037.85;11018;18;21750940318.60
27/05/2025;CSR;COSUMAR;230.00;230.00;235.00;230.00;1983387.90;8620;44;21732042890.00
26/05/2025;CSR;COSUMAR;239.95;230.00;239.95;230.00;4800833.05;20539;48;21732042890.00
23/05/2025;CSR;COSUMAR;236.35;235.05;239.95;235.05;4530215.05;19175;45;22209202962.15
22/05/2025;CSR;COSUMAR;239.90;236.20;239.90;236.20;66399.20;279;12;22317863176.60
21/05/2025;CSR;COSUMAR;240.00;239.90;240.00;239.90;4458686.70;18578;22;22667465605.70
20/05/2025;CSR;COSUMAR;238.00;235.15;238.00;235.05;265445.00;1128;22;22218651676.45
19/05/2025;CSR;COSUMAR;235.00;235.05;240.00;234.00;3390872.95;14427;35;22209202962.15
16/05/2025;CSR;COSUMAR;239.50;235.05;241.00;235.05;13290032.30;56434;44;22209202962.15
15/05/2025;CSR;COSUMAR;241.45;240.00;241.50;239.05;2592867.55;10804;23;22676914320.00
14/05/2025;CSR;COSUMAR;241.45;241.45;241.50;239.00;6529687.95;27044;38;22813920677.35
13/05/2025;CSR;COSUMAR;242.00;241.80;242.00;238.00;21156532.15;87640;35;22846991177.40
12/05/2025;CSR;COSUMAR;241.50;240.00;241.90;240.00;7592149.30;31555;36;22676914320.00
09/05/2025;CSR;COSUMAR;241.45;241.50;241.85;239.00;351048.75;1460;31;22818645034.50
08/05/2025;CSR;COSUMAR;241.00;240.00;241.00;237.50;480549.50;2002;23;22676914320.00
07/05/2025;CSR;COSUMAR;237.10;240.00;240.00;235.00;4671020.20;19570;55;22676914320.00
06/05/2025;CSR;COSUMAR;238.00;235.00;238.00;235.00;88807.05;375;20;22204478605.00
05/05/2025;CSR;COSUMAR;236.10;235.00;238.00;233.10;263589.85;1112;29;22204478605.00
02/05/2025;CSR;COSUMAR;239.00;238.00;239.00;237.00;1725999.80;7271;20;22487940034.00
30/04/2025;CSR;COSUMAR;239.95;237.00;239.95;233.55;15146232.45;63658;24;22393452891.00
29/04/2025;CSR;COSUMAR;232.10;240.00;240.00;232.10;5508701.55;23002;58;22676914320.00
28/04/2025;CSR;COSUMAR;240.00;238.70;241.90;231.10;542301.95;2265;45;22554081034.10
25/04/2025;CSR;COSUMAR;240.00;239.00;241.95;239.00;3089235.60;12919;50;22582427177.00
24/04/2025;CSR;COSUMAR;236.05;239.00;244.00;236.05;18385460.55;76022;146;22582427177.00
23/04/2025;CSR;COSUMAR;228.60;236.15;238.95;228.60;29330020.90;125479;182;22313138819.45
22/04/2025;CSR;COSUMAR;227.00;225.20;228.70;225.00;337309.25;1489;32;21278504603.60
21/04/2025;CSR;COSUMAR;224.70;226.10;226.10;224.15;5213389.40;23077;45;21363543032.30
18/04/2025;CSR;COSUMAR;220.00;226.00;229.00;220.00;63724489.75;283225;109;21354094318.00
17/04/2025;CSR;COSUMAR;219.00;217.25;223.90;217.00;2480270.80;11383;32;20527331816.75
16/04/2025;CSR;COSUMAR;218.00;219.00;219.50;215.90;18355335.30;84243;66;20692684317.00
15/04/2025;CSR;COSUMAR;211.00;218.00;218.00;211.00;1370573.55;6343;44;20598197174.00
14/04/2025;CSR;COSUMAR;216.90;214.95;216.90;214.95;12000466.45;55828;15;20310011387.85
11/04/2025;CSR;COSUMAR;211.00;208.30;216.85;208.30;9978590.50;47870;59;19681671886.90
10/04/2025;CSR;COSUMAR;216.00;214.00;219.30;213.05;12808825.50;59526;78;20220248602.00
09/04/2025;CSR;COSUMAR;208.00;207.80;209.50;206.50;3030722.35;14614;71;19634428315.40
08/04/2025;CSR;COSUMAR;210.00;207.10;219.80;207.10;6393403.35;30509;86;19568287315.30
07/04/2025;CSR;COSUMAR;216.95;207.00;216.95;207.00;4215982.85;20158;91;19558838601.00
04/04/2025;CSR;COSUMAR;219.90;218.10;221.00;218.00;16081155.00;73327;74;20607645888.30
03/04/2025;CSR;COSUMAR;225.10;222.60;228.40;219.00;8706236.00;39228;86;21032838031.80
02/04/2025;CSR;COSUMAR;226.20;227.00;233.00;225.00;2423964.10;10604;91;21448581461.00
28/03/2025;CSR;COSUMAR;213.85;226.00;226.00;213.85;47500960.25;217322;207;21354094318.00
27/03/2025;CSR;COSUMAR;215.00;213.85;215.00;212.00;2498099.00;11688;20;20206075530.55
26/03/2025;CSR;COSUMAR;215.10;214.50;215.45;210.00;4106164.20;19258;36;20267492173.50
25/03/2025;CSR;COSUMAR;216.05;213.10;216.50;213.10;2337253.90;10913;36;20135210173.30
24/03/2025;CSR;COSUMAR;215.00;216.05;216.05;214.10;9707282.95;45105;72;20413947245.15
21/03/2025;CSR;COSUMAR;215.95;216.00;217.00;214.90;29159390.55;135315;88;20409222888.00
20/03/2025;CSR;COSUMAR;209.50;213.00;219.00;209.50;93873937.20;439338;215;20125761459.00
19/03/2025;CSR;COSUMAR;204.50;206.00;206.00;202.50;29200256.00;144072;29;19464351458.00
18/03/2025;CSR;COSUMAR;201.45;202.00;205.00;201.40;387583.60;1920;22;19086402886.00
17/03/2025;CSR;COSUMAR;204.95;200.60;204.95;200.60;1833430.75;9098;37;18954120885.80
14/03/2025;CSR;COSUMAR;201.00;205.00;206.00;200.60;20451782.75;101537;31;19369864315.00
13/03/2025;CSR;COSUMAR;202.00;201.00;205.00;201.00;1128413.95;5593;37;18991915743.00
12/03/2025;CSR;COSUMAR;205.00;205.00;205.00;202.20;780027.00;3840;9;19369864315.00
11/03/2025;CSR;COSUMAR;206.00;205.00;206.00;202.00;17302.00;85;5;19369864315.00
10/03/2025;CSR;COSUMAR;206.00;206.00;208.00;205.00;2341986.90;11415;28;19464351458.00
07/03/2025;CSR;COSUMAR;201.20;205.00;205.00;201.20;4446134.50;21702;22;19369864315.00
06/03/2025;CSR;COSUMAR;200.20;206.80;206.80;200.20;216997.20;1050;11;19539941172.40
05/03/2025;CSR;COSUMAR;207.70;200.00;207.70;200.00;6185537.55;30661;59;18897428600.00
04/03/2025;CSR;COSUMAR;207.90;203.00;208.00;203.00;4246141.85;20908;32;19180890029.00
03/03/2025;CSR;COSUMAR;203.20;208.00;208.00;203.20;1783528.60;8614;17;19653325744.00
28/02/2025;CSR;COSUMAR;206.00;208.00;208.00;203.00;25856073.40;125505;77;19653325744.00
27/02/2025;CSR;COSUMAR;207.00;205.00;207.00;204.50;8106222.60;39481;33;19369864315.00
26/02/2025;CSR;COSUMAR;205.00;207.45;207.45;205.00;16935026.45;82224;35;19601357815.35
25/02/2025;CSR;COSUMAR;207.50;206.05;207.50;204.05;1705822.40;8278;14;19469075815.15
24/02/2025;CSR;COSUMAR;206.00;207.45;207.45;203.50;8117893.85;39272;33;19601357815.35
21/02/2025;CSR;COSUMAR;205.90;205.00;205.90;204.00;13772006.70;67204;39;19369864315.00
20/02/2025;CSR;COSUMAR;203.70;205.00;205.00;203.15;6489990.15;31683;67;19369864315.00
19/02/2025;CSR;COSUMAR;205.00;204.00;205.00;204.00;1122557.05;5501;39;19275377172.00
18/02/2025;CSR;COSUMAR;203.00;205.00;206.00;203.00;28288623.85;138008;66;19369864315.00
17/02/2025;CSR;COSUMAR;203.50;205.00;207.00;202.50;6576843.95;32101;37;19369864315.00
14/02/2025;CSR;COSUMAR;206.00;203.50;206.00;203.00;5207844.20;25433;38;19228133600.50
13/02/2025;CSR;COSUMAR;206.00;205.00;206.00;205.00;1300356.60;6340;22;19369864315.00
12/02/2025;CSR;COSUMAR;206.00;205.50;206.00;205.00;156274.00;761;16;19417107886.50
11/02/2025;CSR;COSUMAR;208.00;206.00;208.00;205.50;982819.75;4743;41;19464351458.00
10/02/2025;CSR;COSUMAR;209.70;208.90;209.70;205.10;265968.70;1286;31;19738364172.70
07/02/2025;CSR;COSUMAR;210.00;209.80;210.00;207.00;2385616.70;11434;32;19823402601.40
06/02/2025;CSR;COSUMAR;205.00;209.90;209.90;205.00;1184414.10;5651;41;19832851315.70
05/02/2025;CSR;COSUMAR;205.20;205.10;210.00;205.10;582194.70;2834;36;19379313029.30
04/02/2025;CSR;COSUMAR;210.00;210.00;210.00;206.50;1101194.50;5257;44;19842300030.00
03/02/2025;CSR;COSUMAR;214.00;210.00;214.00;210.00;872100.25;4127;70;19842300030.00
31/01/2025;CSR;COSUMAR;205.00;205.00;209.00;205.00;12085654.00;58675;52;19369864315.00
30/01/2025;CSR;COSUMAR;207.00;209.00;209.90;204.00;9073501.55;43484;118;19747812887.00
29/01/2025;CSR;COSUMAR;206.50;206.45;206.50;203.00;1314210.50;6429;52;19506870672.35
28/01/2025;CSR;COSUMAR;207.40;206.60;207.40;205.00;197608.15;961;16;19521043743.80
27/01/2025;CSR;COSUMAR;208.85;207.95;208.85;204.50;64844.90;312;17;19648601386.85
24/01/2025;CSR;COSUMAR;208.00;208.00;208.85;204.00;9948011.15;47870;51;19653325744.00
23/01/2025;CSR;COSUMAR;205.00;207.00;207.95;200.10;17052410.95;83337;53;19558838601.00
22/01/2025;CSR;COSUMAR;200.00;201.50;203.90;196.10;15824058.05;78954;79;19039159314.50
21/01/2025;CSR;COSUMAR;204.50;200.25;205.00;200.00;15639401.75;77541;80;18921050385.75
20/01/2025;CSR;COSUMAR;209.00;204.45;209.00;201.60;5054096.65;24736;130;19317896386.35
17/01/2025;CSR;COSUMAR;212.00;209.10;213.00;209.00;10640450.90;50815;110;19757261601.30
16/01/2025;CSR;COSUMAR;215.90;213.00;215.90;210.10;16029939.00;75182;167;20125761459.00
15/01/2025;CSR;COSUMAR;213.00;215.00;216.90;212.05;46738191.80;217274;384;20314735745.00
13/01/2025;CSR;COSUMAR;196.00;208.00;215.00;188.00;38450101.00;187161;290;19653325744.00
10/01/2025;CSR;COSUMAR;196.00;199.00;199.00;193.00;20384280.25;103869;59;18802941457.00
09/01/2025;CSR;COSUMAR;193.00;195.25;196.80;192.00;28978916.70;148671;65;18448614670.75
08/01/2025;CSR;COSUMAR;188.70;192.00;194.00;188.60;9619949.70;50130;32;18141531456.00
07/01/2025;CSR;COSUMAR;194.00;188.60;194.00;188.50;4410484.50;23387;49;17820275169.80
06/01/2025;CSR;COSUMAR;194.00;191.50;194.00;191.00;686540.50;3582;26;18094287884.50
03/01/2025;CSR;COSUMAR;187.80;194.00;194.00;187.00;20142173.90;104991;55;18330505742.00
02/01/2025;CSR;COSUMAR;187.00;187.00;188.00;187.00;264059.70;1411;28;17669095741.00
31/12/2024;CSR;COSUMAR;193.00;190.00;193.00;190.00;873796.50;4597;29;17952557170.00
30/12/2024;CSR;COSUMAR;186.20;191.00;191.95;186.10;257873.55;1369;22;18047044313.00
27/12/2024;CSR;COSUMAR;190.00;186.05;190.00;185.00;4180607.80;22517;23;17579332955.15
26/12/2024;CSR;COSUMAR;190.00;186.00;190.00;181.00;1874191.10;10122;58;17574608598.00
25/12/2024;CSR;COSUMAR;190.00;185.70;190.00;185.70;2361350.00;12708;40;17546262455.10
24/12/2024;CSR;COSUMAR;190.00;186.00;190.00;186.00;7031605.50;37768;86;17574608598.00
23/12/2024;CSR;COSUMAR;190.00;190.00;192.00;190.00;687698.75;3619;36;17952557170.00
20/12/2024;CSR;COSUMAR;190.00;190.00;192.50;190.00;2452811.50;12909;25;17952557170.00
19/12/2024;CSR;COSUMAR;190.80;190.00;191.00;190.00;4420792.75;23188;71;17952557170.00
18/12/2024;CSR;COSUMAR;191.20;190.80;191.20;190.80;98761.20;517;12;18028146884.40
17/12/2024;CSR;COSUMAR;195.90;191.10;195.90;191.10;384159.00;2010;8;18056493027.30
16/12/2024;CSR;COSUMAR;196.00;191.00;196.00;191.00;211000.00;1103;17;18047044313.00
13/12/2024;CSR;COSUMAR;192.30;190.70;193.50;190.50;1716283.55;8989;35;18018698170.10
12/12/2024;CSR;COSUMAR;194.00;193.00;194.00;193.00;463859.00;2399;17;18236018599.00
11/12/2024;CSR;COSUMAR;193.70;194.00;194.00;193.70;10269.10;53;2;18330505742.00
10/12/2024;CSR;COSUMAR;193.50;195.00;195.00;193.50;1638134.00;8444;11;18424992885.00
09/12/2024;CSR;COSUMAR;195.00;195.00;195.00;193.50;2558781.50;13122;12;18424992885.00
06/12/2024;CSR;COSUMAR;195.00;195.50;197.00;195.00;67266.80;342;8;18472236456.50
05/12/2024;CSR;COSUMAR;196.00;195.15;197.10;195.00;570524.95;2920;14;18439165956.45
04/12/2024;CSR;COSUMAR;195.15;195.15;195.15;195.15;97575.00;500;3;18439165956.45
03/12/2024;CSR;COSUMAR;196.00;196.00;199.00;196.00;1329609.05;6744;43;18519480028.00
02/12/2024;CSR;COSUMAR;196.00;196.00;196.00;194.00;3544339.00;18084;19;18519480028.00
29/11/2024;CSR;COSUMAR;196.00;197.50;197.50;195.00;565891.50;2880;28;18661210742.50
28/11/2024;CSR;COSUMAR;194.90;196.90;196.90;193.50;14730597.45;75525;21;18604518456.70
27/11/2024;CSR;COSUMAR;194.50;194.90;194.90;193.10;1690889.45;8716;14;18415544170.70
26/11/2024;CSR;COSUMAR;192.00;194.00;194.00;192.00;115369.50;598;10;18330505742.00
25/11/2024;CSR;COSUMAR;194.00;192.00;194.00;191.00;360225.65;1880;34;18141531456.00
22/11/2024;CSR;COSUMAR;197.30;194.00;197.30;194.00;1002115.80;5158;26;18330505742.00
21/11/2024;CSR;COSUMAR;197.50;197.35;197.50;197.35;107580.80;545;8;18647037671.05
20/11/2024;CSR;COSUMAR;197.30;197.30;198.00;197.30;2081442.00;10524;22;18642313313.90
19/11/2024;CSR;COSUMAR;195.00;197.50;197.50;193.35;3417215.35;17309;13;18661210742.50
15/11/2024;CSR;COSUMAR;195.00;196.00;196.00;194.60;9614483.00;49259;22;18519480028.00
14/11/2024;CSR;COSUMAR;194.75;195.95;196.50;194.50;7062782.35;35962;14;18514755670.85
13/11/2024;CSR;COSUMAR;195.00;194.75;195.00;194.00;435936.00;2247;10;18401371099.25
12/11/2024;CSR;COSUMAR;195.85;195.00;196.00;195.00;3214065.75;16454;17;18424992885.00
11/11/2024;CSR;COSUMAR;197.10;195.80;198.00;195.80;17292099.30;87555;49;18500582599.40
08/11/2024;CSR;COSUMAR;195.50;197.05;198.00;195.10;4216369.55;21453;32;18618691528.15
07/11/2024;CSR;COSUMAR;195.90;196.15;198.00;195.90;43459370.40;221671;58;18533653099.45
05/11/2024;CSR;COSUMAR;196.80;193.00;197.00;193.00;1181156.20;6065;9;18236018599.00
04/11/2024;CSR;COSUMAR;196.80;196.80;196.80;196.80;196.80;1;1;18595069742.40
01/11/2024;CSR;COSUMAR;192.60;196.50;196.50;192.60;75894.50;391;10;18566723599.50
31/10/2024;CSR;COSUMAR;193.00;193.00;193.00;192.50;124892.60;648;7;18236018599.00
30/10/2024;CSR;COSUMAR;195.80;194.00;195.80;194.00;632849.60;3262;4;18330505742.00
29/10/2024;CSR;COSUMAR;193.50;192.65;196.00;192.65;18805825.70;96989;49;18202948098.95
28/10/2024;CSR;COSUMAR;196.00;195.00;196.00;193.00;61170.00;316;10;18424992885.00
25/10/2024;CSR;COSUMAR;193.75;196.05;197.00;192.10;6509970.05;33224;29;18524204385.15
24/10/2024;CSR;COSUMAR;192.50;192.50;192.50;192.50;4812.50;25;2;18188775027.50
23/10/2024;CSR;COSUMAR;191.10;196.00;196.00;191.10;1028886.00;5260;18;18519480028.00
22/10/2024;CSR;COSUMAR;193.00;193.00;193.00;193.00;84920.00;440;12;18236018599.00
21/10/2024;CSR;COSUMAR;196.95;193.00;196.95;193.00;38545.80;199;14;18236018599.00
18/10/2024;CSR;COSUMAR;197.00;196.00;197.00;195.00;399435.50;2038;13;18519480028.00
17/10/2024;CSR;COSUMAR;196.00;196.00;196.00;192.00;3438775.00;17547;26;18519480028.00
16/10/2024;CSR;COSUMAR;195.25;192.00;195.25;192.00;2565379.75;13149;24;18141531456.00
15/10/2024;CSR;COSUMAR;196.10;198.50;198.50;196.00;100872.60;513;8;18755697885.50
14/10/2024;CSR;COSUMAR;199.00;196.10;199.00;196.00;6203637.00;31479;15;18528928742.30
11/10/2024;CSR;COSUMAR;199.85;196.00;200.00;196.00;12658813.80;63971;46;18519480028.00
10/10/2024;CSR;COSUMAR;199.50;199.10;199.80;197.00;21532041.30;109223;35;18812390171.30
09/10/2024;CSR;COSUMAR;195.15;196.10;199.10;195.15;50372.35;257;4;18528928742.30
08/10/2024;CSR;COSUMAR;197.60;197.00;205.00;197.00;23932932.75;119015;136;18613967171.00
07/10/2024;CSR;COSUMAR;191.40;197.00;197.00;189.50;7239555.10;37099;97;18613967171.00
04/10/2024;CSR;COSUMAR;188.00;189.00;190.00;185.00;5176089.60;27392;19;17858070027.00
03/10/2024;CSR;COSUMAR;183.00;187.00;188.15;183.00;1771612.15;9557;36;17669095741.00
02/10/2024;CSR;COSUMAR;188.15;184.00;188.15;181.50;4659554.70;25320;78;17385634312.00
01/10/2024;CSR;COSUMAR;190.25;190.00;191.50;190.00;4607099.90;24229;48;17952557170.00
30/09/2024;CSR;COSUMAR;193.00;190.80;193.00;190.40;976752.60;5118;14;18028146884.40
27/09/2024;CSR;COSUMAR;193.00;193.00;193.00;190.20;4622894.10;24078;45;18236018599.00
26/09/2024;CSR;COSUMAR;193.00;190.50;193.50;190.00;13678257.75;71857;51;17999800741.50
25/09/2024;CSR;COSUMAR;192.50;192.00;192.50;192.00;2280971.50;11880;11;18141531456.00
24/09/2024;CSR;COSUMAR;192.50;191.95;195.25;190.00;10628425.70;55833;72;18136807098.85
23/09/2024;CSR;COSUMAR;192.15;192.50;193.00;190.15;429741.50;2236;21;18188775027.50
20/09/2024;CSR;COSUMAR;193.00;192.50;193.70;190.30;12831602.50;66637;49;18188775027.50
19/09/2024;CSR;COSUMAR;184.95;192.00;193.00;183.50;41344954.15;217373;131;18141531456.00
18/09/2024;CSR;COSUMAR;183.05;184.90;185.00;183.00;2393398.20;13025;20;17470672740.70
13/09/2024;CSR;COSUMAR;183.00;184.15;184.90;183.00;6527537.65;35518;22;17399807383.45
12/09/2024;CSR;COSUMAR;182.50;182.00;184.50;182.00;3159449.10;17330;27;17196660026.00
11/09/2024;CSR;COSUMAR;181.05;184.90;184.95;180.85;2963742.20;16373;37;17470672740.70
10/09/2024;CSR;COSUMAR;183.00;180.85;185.00;180.85;2892300.40;15976;43;17087999811.55
09/09/2024;CSR;COSUMAR;183.60;180.85;184.00;180.85;9414046.80;52013;95;17087999811.55
06/09/2024;CSR;COSUMAR;184.00;182.00;186.00;182.00;5200962.10;28559;76;17196660026.00
05/09/2024;CSR;COSUMAR;184.00;184.00;188.50;184.00;1025156.20;5571;44;17385634312.00
04/09/2024;CSR;COSUMAR;186.00;184.00;186.00;184.00;281506.45;1522;19;17385634312.00
03/09/2024;CSR;COSUMAR;186.00;184.00;186.00;183.00;510409.60;2774;33;17385634312.00
02/09/2024;CSR;COSUMAR;188.40;184.00;189.00;184.00;275151.70;1485;20;17385634312.00
30/08/2024;CSR;COSUMAR;188.45;184.00;188.45;184.00;2891435.10;15702;55;17385634312.00
29/08/2024;CSR;COSUMAR;188.50;180.05;189.50;180.05;2747172.20;15069;105;17012410097.15
28/08/2024;CSR;COSUMAR;189.45;188.00;189.45;188.00;4180662.45;22230;25;17763582884.00
27/08/2024;CSR;COSUMAR;188.00;187.50;189.00;187.50;6252779.50;33347;26;17716339312.50
26/08/2024;CSR;COSUMAR;187.80;187.50;189.50;187.00;563786.90;2998;27;17716339312.50
23/08/2024;CSR;COSUMAR;188.00;187.80;189.00;187.00;2160801.90;11460;23;17744685455.40
22/08/2024;CSR;COSUMAR;187.00;188.00;189.00;187.00;47789.25;254;20;17763582884.00
19/08/2024;CSR;COSUMAR;183.00;188.90;189.00;183.00;222889.80;1209;29;17848621312.70
16/08/2024;CSR;COSUMAR;188.95;188.90;189.00;187.10;85835.60;456;19;17848621312.70
15/08/2024;CSR;COSUMAR;189.00;188.00;189.00;188.00;1021924.15;5411;19;17763582884.00
13/08/2024;CSR;COSUMAR;189.00;188.90;189.00;187.10;670204.20;3581;12;17848621312.70
12/08/2024;CSR;COSUMAR;186.10;188.00;189.00;186.10;758406.60;4060;15;17763582884.00
09/08/2024;CSR;COSUMAR;186.90;186.00;189.00;186.00;10491950.90;56388;39;17574608598.00
08/08/2024;CSR;COSUMAR;189.00;189.00;189.00;189.00;3213.00;17;3;17858070027.00
07/08/2024;CSR;COSUMAR;188.20;186.00;189.45;186.00;539870.90;2895;61;17574608598.00
06/08/2024;CSR;COSUMAR;186.10;189.50;189.50;186.10;420602.10;2228;21;17905313598.50
05/08/2024;CSR;COSUMAR;188.75;187.75;189.75;184.50;1382778.25;7367;113;17739961098.25
02/08/2024;CSR;COSUMAR;189.00;189.95;190.20;189.00;6194685.40;32604;45;17947832812.85
01/08/2024;CSR;COSUMAR;192.75;190.05;192.75;188.15;377638.55;1989;24;17957281527.15
31/07/2024;CSR;COSUMAR;193.00;191.00;194.00;191.00;1647899.60;8547;24;18047044313.00
29/07/2024;CSR;COSUMAR;191.95;193.00;193.00;190.00;4922305.75;25585;32;18236018599.00
26/07/2024;CSR;COSUMAR;190.00;190.00;190.00;188.40;5001843.65;26326;52;17952557170.00
25/07/2024;CSR;COSUMAR;190.00;189.00;190.00;189.00;58860.00;311;16;17858070027.00
24/07/2024;CSR;COSUMAR;189.00;190.00;190.00;188.00;392855.55;2088;53;17952557170.00
23/07/2024;CSR;COSUMAR;190.00;189.00;190.00;188.10;232086.20;1223;41;17858070027.00
22/07/2024;CSR;COSUMAR;190.00;190.00;190.00;190.00;160550.00;845;28;17952557170.00
19/07/2024;CSR;COSUMAR;191.00;190.00;191.80;190.00;2199976.70;11532;51;17952557170.00
18/07/2024;CSR;COSUMAR;194.00;192.00;194.00;190.75;3242021.80;16887;35;18141531456.00
17/07/2024;CSR;COSUMAR;195.45;191.50;195.45;191.50;4499962.05;23354;19;18094287884.50
16/07/2024;CSR;COSUMAR;193.00;192.90;193.00;192.90;869979.90;4510;4;18226569884.70
15/07/2024;CSR;COSUMAR;193.00;193.00;195.90;192.00;62345.00;324;10;18236018599.00
12/07/2024;CSR;COSUMAR;194.00;193.00;194.00;193.00;1460300.00;7565;9;18236018599.00
11/07/2024;CSR;COSUMAR;196.10;194.00;197.95;193.00;4989190.90;25849;30;18330505742.00
10/07/2024;CSR;COSUMAR;198.50;205.00;205.00;197.00;2374017.30;11824;42;19369864315.00
09/07/2024;CSR;COSUMAR;195.15;199.00;199.00;195.15;1533875.40;7711;21;18802941457.00
08/07/2024;CSR;COSUMAR;198.90;194.10;198.90;194.10;2144.70;11;3;18339954456.30
05/07/2024;CSR;COSUMAR;194.00;198.90;199.00;194.00;2585458.50;13017;47;18793492742.70
04/07/2024;CSR;COSUMAR;195.00;194.00;195.00;193.50;113913.90;587;10;18330505742.00
03/07/2024;CSR;COSUMAR;195.00;194.50;195.00;193.50;2702934.10;13899;14;18377749313.50
02/07/2024;CSR;COSUMAR;196.15;195.10;196.15;195.00;21711.90;111;10;18434441599.30
01/07/2024;CSR;COSUMAR;199.00;196.00;199.00;196.00;34796.85;177;9;18519480028.00
28/06/2024;CSR;COSUMAR;195.95;195.95;195.95;193.40;600535.75;3065;9;18514755670.85
27/06/2024;CSR;COSUMAR;195.95;194.95;195.95;194.95;313304.15;1607;4;18420268527.85
26/06/2024;CSR;COSUMAR;192.05;195.00;197.00;192.05;6657190.65;34026;26;18424992885.00
25/06/2024;CSR;COSUMAR;194.50;192.05;194.50;192.00;10026.05;52;7;18146255813.15
24/06/2024;CSR;COSUMAR;194.70;192.15;194.70;192.15;3674818.90;19097;10;18155704527.45
21/06/2024;CSR;COSUMAR;193.90;190.00;194.80;190.00;1855096.30;9626;49;17952557170.00
20/06/2024;CSR;COSUMAR;192.80;192.60;194.00;192.15;1644318.40;8538;37;18198223741.80
19/06/2024;CSR;COSUMAR;193.25;192.60;194.00;192.60;936398.50;4837;36;18198223741.80
14/06/2024;CSR;COSUMAR;195.00;193.40;195.00;193.40;54555.00;280;4;18273813456.20
13/06/2024;CSR;COSUMAR;194.00;194.00;194.00;194.00;5286112.00;27248;13;18330505742.00
12/06/2024;CSR;COSUMAR;194.95;194.95;194.95;194.00;11678.00;60;3;18420268527.85
11/06/2024;CSR;COSUMAR;193.15;193.20;194.00;193.15;6206979.45;32003;4;18254916027.60
10/06/2024;CSR;COSUMAR;193.00;193.00;193.00;193.00;15247.00;79;2;18236018599.00
07/06/2024;CSR;COSUMAR;193.60;194.00;194.00;193.50;188596.35;974;13;18330505742.00
06/06/2024;CSR;COSUMAR;193.00;193.50;193.50;193.00;5983.50;31;2;18283262170.50
05/06/2024;CSR;COSUMAR;195.00;193.00;195.00;193.00;4715102.90;24429;16;18236018599.00
04/06/2024;CSR;COSUMAR;194.20;193.00;195.00;193.00;3960942.20;20495;32;18236018599.00
03/06/2024;CSR;COSUMAR;195.00;195.00;195.00;194.60;590625.00;3035;3;18424992885.00
31/05/2024;CSR;COSUMAR;195.00;194.20;195.00;194.15;593153.95;3052;11;18349403170.60
30/05/2024;CSR;COSUMAR;194.30;195.00;195.00;194.30;4528379.40;23223;13;18424992885.00
29/05/2024;CSR;COSUMAR;195.00;194.15;195.00;194.15;14404.50;74;9;18344678813.45
28/05/2024;CSR;COSUMAR;195.05;195.00;197.80;195.00;4219447.30;21630;22;18424992885.00
27/05/2024;CSR;COSUMAR;196.00;195.05;197.90;195.05;2423054.25;12418;17;18429717242.15
24/05/2024;CSR;COSUMAR;196.50;196.00;196.50;195.05;1950938.30;10002;7;18519480028.00
23/05/2024;CSR;COSUMAR;196.80;197.00;197.00;196.80;12803.00;65;7;18613967171.00
22/05/2024;CSR;COSUMAR;197.00;196.80;197.00;194.65;1965192.55;10088;11;18595069742.40
21/05/2024;CSR;COSUMAR;194.60;194.60;194.60;194.60;1469619.20;7552;4;18387198027.80
20/05/2024;CSR;COSUMAR;197.00;194.50;197.20;194.10;3896288.10;20032;6;18377749313.50
17/05/2024;CSR;COSUMAR;197.50;194.00;197.50;194.00;2941351.40;15161;20;18330505742.00
16/05/2024;CSR;COSUMAR;196.00;194.00;197.50;194.00;620146.10;3195;21;18330505742.00
15/05/2024;CSR;COSUMAR;197.95;195.00;198.00;195.00;207147.70;1059;17;18424992885.00
14/05/2024;CSR;COSUMAR;196.05;195.80;197.00;195.80;1368136.45;6982;20;18500582599.40
13/05/2024;CSR;COSUMAR;197.40;195.95;197.40;195.95;243221.80;1241;10;18514755670.85
10/05/2024;CSR;COSUMAR;196.00;195.95;197.40;195.50;296277.00;1513;16;18514755670.85
09/05/2024;CSR;COSUMAR;196.00;196.00;196.00;195.25;450312.00;2298;15;18519480028.00
08/05/2024;CSR;COSUMAR;196.00;196.00;196.00;195.30;808787.00;4127;7;18519480028.00
07/05/2024;CSR;COSUMAR;196.00;196.00;196.50;196.00;9331192.50;47608;19;18519480028.00
06/05/2024;CSR;COSUMAR;195.20;197.00;199.00;195.20;5949195.70;30198;12;18613967171.00
03/05/2024;CSR;COSUMAR;197.50;197.50;197.50;195.10;960742.30;4873;14;18661210742.50
02/05/2024;CSR;COSUMAR;199.45;195.00;199.45;195.00;2043261.00;10405;30;18424992885.00
30/04/2024;CSR;COSUMAR;198.90;198.00;198.90;198.00;3076337.70;15537;9;18708454314.00
29/04/2024;CSR;COSUMAR;198.40;198.95;199.00;197.80;1868605.65;9445;10;18798217099.85
26/04/2024;CSR;COSUMAR;198.00;197.80;198.00;196.00;8008932.15;40520;21;18689556885.40
25/04/2024;CSR;COSUMAR;197.00;196.10;197.00;194.00;530764.20;2710;18;18528928742.30
24/04/2024;CSR;COSUMAR;198.80;197.00;198.80;196.55;1521043.15;7718;15;18613967171.00
23/04/2024;CSR;COSUMAR;196.00;198.00;198.00;195.55;155578.00;791;15;18708454314.00
22/04/2024;CSR;COSUMAR;199.00;197.10;199.00;197.10;300547.70;1523;17;18623415885.30
19/04/2024;CSR;COSUMAR;198.85;198.00;199.50;197.00;21957642.70;110890;36;18708454314.00
18/04/2024;CSR;COSUMAR;197.95;197.95;198.00;195.10;10340070.60;52229;24;18703729956.85
17/04/2024;CSR;COSUMAR;192.80;199.00;199.00;191.00;5037492.70;26104;82;18802941457.00
16/04/2024;CSR;COSUMAR;195.20;192.70;197.50;192.15;2978988.15;15372;113;18207672456.10
15/04/2024;CSR;COSUMAR;198.90;197.00;199.00;195.50;2509974.30;12767;32;18613967171.00
09/04/2024;CSR;COSUMAR;197.10;199.70;199.70;195.00;3910622.60;19933;45;18869082457.10
08/04/2024;CSR;COSUMAR;198.90;198.30;198.90;197.00;72025.80;365;10;18736800456.90
05/04/2024;CSR;COSUMAR;199.00;197.00;199.00;197.00;5510614.10;27972;20;18613967171.00
04/04/2024;CSR;COSUMAR;198.85;197.00;198.85;197.00;4449936.10;22588;22;18613967171.00
03/04/2024;CSR;COSUMAR;199.00;196.15;199.00;196.00;1978543.25;10061;31;18533653099.45
02/04/2024;CSR;COSUMAR;199.85;199.85;199.85;199.85;399.70;2;1;18883255528.55
01/04/2024;CSR;COSUMAR;199.95;197.00;199.95;197.00;1333544.45;6747;40;18613967171.00
29/03/2024;CSR;COSUMAR;201.40;200.50;201.40;200.00;768974.50;3825;10;18944672171.50
28/03/2024;CSR;COSUMAR;200.00;201.40;202.00;199.00;1988770.50;9915;35;19029710600.20
27/03/2024;CSR;COSUMAR;197.00;199.00;200.00;197.00;2104376.65;10614;36;18802941457.00
26/03/2024;CSR;COSUMAR;196.00;198.50;198.50;193.15;1011133.95;5163;27;18755697885.50
25/03/2024;CSR;COSUMAR;196.00;193.00;196.00;193.00;1015536.00;5251;18;18236018599.00
22/03/2024;CSR;COSUMAR;193.00;196.00;196.00;193.00;4525629.00;23293;23;18519480028.00
21/03/2024;CSR;COSUMAR;-;193.00;-;-;-;-;-;18236018599.00
20/03/2024;CSR;COSUMAR;199.00;193.00;200.00;192.00;3332545.30;17324;59;18236018599.00
19/03/2024;CSR;COSUMAR;197.95;192.00;197.95;191.00;8222292.30;42722;85;18141531456.00
18/03/2024;CSR;COSUMAR;200.00;195.90;204.20;195.90;13515141.30;68082;145;18510031313.70
15/03/2024;CSR;COSUMAR;192.00;192.00;194.00;192.00;2189062.15;11396;19;18141531456.00
14/03/2024;CSR;COSUMAR;195.00;192.00;195.00;192.00;19887.00;102;3;18141531456.00
13/03/2024;CSR;COSUMAR;195.00;193.00;195.00;191.50;106854.90;554;9;18236018599.00
12/03/2024;CSR;COSUMAR;195.00;194.00;195.00;193.95;826120.90;4258;9;18330505742.00
11/03/2024;CSR;COSUMAR;194.00;194.00;194.00;194.00;1746.00;9;3;18330505742.00
08/03/2024;CSR;COSUMAR;195.00;194.10;195.00;194.10;3097240.00;15932;6;18339954456.30
07/03/2024;CSR;COSUMAR;196.90;193.00;196.90;193.00;1030084.50;5285;9;18236018599.00
06/03/2024;CSR;COSUMAR;194.90;195.00;195.00;193.00;882881.00;4532;12;18424992885.00
05/03/2024;CSR;COSUMAR;197.00;195.00;197.00;195.00;27890.00;143;7;18424992885.00
04/03/2024;CSR;COSUMAR;193.55;195.00;195.00;193.50;42483.30;218;6;18424992885.00
01/03/2024;CSR;COSUMAR;192.50;194.00;197.00;192.50;396608.65;2042;13;18330505742.00
29/02/2024;CSR;COSUMAR;196.25;194.00;197.90;190.20;159926964.70;840253;50;18330505742.00
28/02/2024;CSR;COSUMAR;195.75;197.75;197.80;195.75;2061308.00;10530;5;18684832528.25
27/02/2024;CSR;COSUMAR;196.20;195.10;197.80;195.05;1909306.45;9711;14;18434441599.30
26/02/2024;CSR;COSUMAR;198.00;196.20;198.00;196.20;269415.60;1373;5;18538377456.60
23/02/2024;CSR;COSUMAR;195.15;195.15;197.90;195.00;4844810.55;24542;25;18439165956.45
22/02/2024;CSR;COSUMAR;198.00;195.05;198.00;195.00;9174803.05;46610;35;18429717242.15
21/02/2024;CSR;COSUMAR;191.00;198.00;199.95;191.00;28928199.20;146897;86;18708454314.00
20/02/2024;CSR;COSUMAR;193.00;191.00;194.00;190.50;258339.45;1340;34;18047044313.00
19/02/2024;CSR;COSUMAR;194.80;190.20;194.80;190.10;5861923.65;30751;42;17971454598.60
16/02/2024;CSR;COSUMAR;188.50;190.95;191.00;188.50;7897093.45;41400;21;18042319955.85
15/02/2024;CSR;COSUMAR;187.15;188.35;189.80;187.15;7061162.85;37466;8;17796653384.05
14/02/2024;CSR;COSUMAR;187.15;187.15;189.80;186.50;12520368.40;66920;40;17683268812.45
13/02/2024;CSR;COSUMAR;187.00;187.10;189.00;187.00;157345.00;841;8;17678544455.30
12/02/2024;CSR;COSUMAR;189.90;187.00;189.90;187.00;3245108.75;17340;15;17669095741.00
09/02/2024;CSR;COSUMAR;189.90;187.00;189.90;186.45;1820456.80;9735;24;17669095741.00
08/02/2024;CSR;COSUMAR;190.00;187.00;190.00;187.00;3161675.20;16851;39;17669095741.00
07/02/2024;CSR;COSUMAR;190.00;190.00;192.00;189.90;329849.00;1736;12;17952557170.00
06/02/2024;CSR;COSUMAR;194.00;190.00;194.00;190.00;6485487.55;34134;29;17952557170.00
05/02/2024;CSR;COSUMAR;194.95;190.00;194.95;186.10;278350.15;1463;30;17952557170.00
02/02/2024;CSR;COSUMAR;188.00;190.00;193.35;185.50;12879801.05;68955;37;17952557170.00
01/02/2024;CSR;COSUMAR;188.00;187.95;188.00;185.15;847703.15;4551;14;17758858526.85
31/01/2024;CSR;COSUMAR;189.40;187.00;189.40;187.00;52715111.50;281521;26;17669095741.00
30/01/2024;CSR;COSUMAR;188.90;187.00;189.00;185.00;7438928.25;39588;29;17669095741.00
29/01/2024;CSR;COSUMAR;187.70;189.00;189.00;186.20;1585243.70;8424;54;17858070027.00
26/01/2024;CSR;COSUMAR;189.00;188.00;192.00;188.00;3137397.25;16688;46;17763582884.00
25/01/2024;CSR;COSUMAR;195.75;188.00;195.80;188.00;2957467.25;15539;99;17763582884.00
24/01/2024;CSR;COSUMAR;195.00;195.00;195.90;195.00;257822.70;1321;22;18424992885.00
23/01/2024;CSR;COSUMAR;194.10;195.00;196.00;194.10;91308.70;468;14;18424992885.00
22/01/2024;CSR;COSUMAR;199.00;194.10;199.00;194.10;45276.00;232;10;18339954456.30
19/01/2024;CSR;COSUMAR;194.10;195.00;198.90;194.10;5608583.80;28761;15;18424992885.00
18/01/2024;CSR;COSUMAR;195.00;194.50;195.00;193.25;260876.00;1342;18;18377749313.50
17/01/2024;CSR;COSUMAR;198.80;193.20;198.80;193.00;1992126.30;10311;11;18254916027.60
16/01/2024;CSR;COSUMAR;193.00;197.00;197.00;193.00;2857106.00;14542;9;18613967171.00
15/01/2024;CSR;COSUMAR;195.00;195.00;195.00;193.00;368806.10;1898;33;18424992885.00
12/01/2024;CSR;COSUMAR;200.00;195.00;200.00;195.00;1174301.25;5990;47;18424992885.00
10/01/2024;CSR;COSUMAR;199.00;199.00;199.00;199.00;29850.00;150;1;18802941457.00
09/01/2024;CSR;COSUMAR;195.50;198.00;198.00;195.30;411622.70;2084;16;18708454314.00
08/01/2024;CSR;COSUMAR;197.00;195.50;199.00;195.50;5689283.60;29080;28;18472236456.50
05/01/2024;CSR;COSUMAR;201.90;197.00;201.90;196.50;1832773.25;9309;15;18613967171.00
04/01/2024;CSR;COSUMAR;198.00;196.35;200.95;196.35;3666980.10;18390;15;18552550528.05
03/01/2024;CSR;COSUMAR;196.00;200.00;200.00;195.90;1604543.30;8032;11;18897428600.00
02/01/2024;CSR;COSUMAR;202.40;195.90;202.40;195.15;1001647.70;5106;18;18510031313.70
29/12/2023;CSR;COSUMAR;196.50;195.00;200.00;195.00;6162592.95;31596;40;18424992885.00
28/12/2023;CSR;COSUMAR;198.90;196.50;199.00;196.50;1040230.40;5254;10;18566723599.50
27/12/2023;CSR;COSUMAR;196.00;199.00;199.85;196.00;4394796.45;22140;14;18802941457.00
26/12/2023;CSR;COSUMAR;200.15;195.40;202.00;195.40;3626761.50;18054;35;18462787742.20
25/12/2023;CSR;COSUMAR;204.75;200.10;204.80;200.10;326414.65;1631;4;18906877314.30
22/12/2023;CSR;COSUMAR;202.10;200.00;205.00;200.00;2759334.95;13622;43;18897428600.00
21/12/2023;CSR;COSUMAR;200.15;202.00;204.40;200.15;3130080.65;15495;12;19086402886.00
20/12/2023;CSR;COSUMAR;200.15;200.10;200.15;200.10;32616.40;163;6;18906877314.30
19/12/2023;CSR;COSUMAR;200.15;200.10;200.15;200.00;1707892.15;8539;14;18906877314.30
18/12/2023;CSR;COSUMAR;204.80;200.00;204.80;200.00;1048818.60;5244;8;18897428600.00
15/12/2023;CSR;COSUMAR;202.95;200.00;202.95;200.00;4073294.55;20365;31;18897428600.00
14/12/2023;CSR;COSUMAR;202.00;202.95;202.95;202.00;46883.00;232;4;19176165671.85
13/12/2023;CSR;COSUMAR;202.00;201.00;204.90;201.00;1018866.15;5059;20;18991915743.00
12/12/2023;CSR;COSUMAR;200.50;202.00;204.90;200.50;69164.00;339;5;19086402886.00
11/12/2023;CSR;COSUMAR;201.10;200.20;204.95;200.05;501258.50;2483;19;18916326028.60
08/12/2023;CSR;COSUMAR;203.50;201.20;203.50;201.20;2082798.80;10249;12;19010813171.60
07/12/2023;CSR;COSUMAR;205.00;201.30;205.00;201.30;557848.40;2753;18;19020261885.90
06/12/2023;CSR;COSUMAR;204.45;202.00;204.45;201.20;15198896.25;74380;6;19086402886.00
05/12/2023;CSR;COSUMAR;203.50;202.00;205.00;202.00;7248023.30;35505;15;19086402886.00
04/12/2023;CSR;COSUMAR;201.65;201.65;205.00;201.65;14487.95;71;6;19053332385.95
01/12/2023;CSR;COSUMAR;206.80;202.00;206.80;201.25;3616755.30;17931;19;19086402886.00
30/11/2023;CSR;COSUMAR;200.20;200.10;201.95;200.00;2296803.95;11482;28;18906877314.30
29/11/2023;CSR;COSUMAR;203.00;202.00;203.00;201.25;1866862.75;9242;17;19086402886.00
28/11/2023;CSR;COSUMAR;201.05;201.35;203.00;200.65;4480905.00;22286;21;19024986243.05
27/11/2023;CSR;COSUMAR;205.40;201.05;205.40;201.05;155015.00;760;10;18996640100.15
24/11/2023;CSR;COSUMAR;206.00;205.50;206.00;205.00;867187.50;4215;14;19417107886.50
23/11/2023;CSR;COSUMAR;205.00;205.00;205.90;205.00;5208030.90;25351;10;19369864315.00
22/11/2023;CSR;COSUMAR;206.50;205.50;206.80;205.50;3322933.80;16131;10;19417107886.50
21/11/2023;CSR;COSUMAR;202.40;205.50;205.50;202.40;48143.70;235;8;19417107886.50
20/11/2023;CSR;COSUMAR;206.80;205.50;206.80;202.00;7478244.00;36389;15;19417107886.50
17/11/2023;CSR;COSUMAR;205.00;205.05;205.05;205.00;1550376.80;7561;16;19374588672.15
16/11/2023;CSR;COSUMAR;202.00;205.00;205.00;202.00;6653497.20;32457;27;19369864315.00
15/11/2023;CSR;COSUMAR;204.40;202.00;204.40;202.00;6468.80;32;2;19086402886.00
14/11/2023;CSR;COSUMAR;203.00;202.00;203.00;202.00;542605.70;2685;7;19086402886.00
13/11/2023;CSR;COSUMAR;203.00;203.00;204.45;203.00;6706.25;33;6;19180890029.00
10/11/2023;CSR;COSUMAR;203.00;204.50;204.50;203.00;46118.50;227;3;19322620743.50
09/11/2023;CSR;COSUMAR;203.10;203.00;203.10;203.00;142102.00;700;2;19180890029.00
08/11/2023;CSR;COSUMAR;-;202.15;-;-;-;-;-;19100575957.45
07/11/2023;CSR;COSUMAR;204.95;202.15;204.95;202.05;148129.20;733;15;19100575957.45
03/11/2023;CSR;COSUMAR;201.10;202.00;202.00;201.10;192258.80;956;13;19086402886.00
02/11/2023;CSR;COSUMAR;202.00;204.50;204.50;202.00;30213.00;148;7;19322620743.50
01/11/2023;CSR;COSUMAR;202.00;202.00;202.00;202.00;1818.00;9;4;19086402886.00
31/10/2023;CSR;COSUMAR;204.90;202.00;204.90;202.00;4703331.40;23283;18;19086402886.00
30/10/2023;CSR;COSUMAR;202.00;204.90;204.90;202.00;23964.60;117;5;19360415600.70
27/10/2023;CSR;COSUMAR;204.90;202.65;204.90;202.00;779750.45;3843;16;19147819528.95
26/10/2023;CSR;COSUMAR;203.00;204.00;204.00;203.00;1702621.00;8347;10;19275377172.00
25/10/2023;CSR;COSUMAR;202.00;202.50;202.50;202.00;25917.00;128;4;19133646457.50
24/10/2023;CSR;COSUMAR;204.90;205.00;205.00;204.90;6962824.00;33965;23;19369864315.00
23/10/2023;CSR;COSUMAR;204.00;204.00;204.00;203.95;174215.55;854;12;19275377172.00
20/10/2023;CSR;COSUMAR;206.00;202.00;206.00;202.00;113123.20;559;10;19086402886.00
19/10/2023;CSR;COSUMAR;203.50;205.00;206.00;201.00;10225060.90;49892;36;19369864315.00
18/10/2023;CSR;COSUMAR;203.80;204.00;204.00;203.00;281141.00;1379;22;19275377172.00
17/10/2023;CSR;COSUMAR;202.00;203.00;203.70;200.00;7247462.70;35880;14;19180890029.00
16/10/2023;CSR;COSUMAR;198.50;200.00;201.00;198.50;255485571.50;1277425;14;18897428600.00
13/10/2023;CSR;COSUMAR;200.05;201.00;204.00;199.00;1040628.25;5150;19;18991915743.00
12/10/2023;CSR;COSUMAR;201.00;202.10;203.00;200.05;8029864.65;39755;27;19095851600.30
11/10/2023;CSR;COSUMAR;201.00;199.00;201.00;199.00;8174220.00;41072;19;18802941457.00
10/10/2023;CSR;COSUMAR;201.00;198.00;201.00;194.00;2227229.95;11269;25;18708454314.00
09/10/2023;CSR;COSUMAR;201.00;198.00;201.00;198.00;2092240.20;10516;13;18708454314.00
06/10/2023;CSR;COSUMAR;214.90;200.20;214.90;200.20;3941084.35;19220;50;18916326028.60
05/10/2023;CSR;COSUMAR;203.00;203.50;203.50;196.00;5844781.05;28815;55;19228133600.50
04/10/2023;CSR;COSUMAR;193.50;192.10;193.55;192.10;75191.65;391;14;18150980170.30
03/10/2023;CSR;COSUMAR;200.00;193.50;200.00;193.50;427300.00;2208;8;18283262170.50
02/10/2023;CSR;COSUMAR;200.00;193.00;200.00;192.10;1363838.20;6973;24;18236018599.00
27/09/2023;CSR;COSUMAR;200.00;195.00;200.00;195.00;1009669.60;5177;16;18424992885.00
26/09/2023;CSR;COSUMAR;197.00;195.00;199.90;195.00;820364.50;4204;28;18424992885.00
25/09/2023;CSR;COSUMAR;197.00;197.05;200.00;197.00;136910.55;693;15;18618691528.15
22/09/2023;CSR;COSUMAR;200.00;200.00;200.00;196.00;3602997.00;18316;26;18897428600.00
21/09/2023;CSR;COSUMAR;204.45;196.95;204.45;196.95;6035378.75;30527;43;18609242813.85
20/09/2023;CSR;COSUMAR;201.10;200.00;205.45;200.00;5797076.50;28754;55;18897428600.00
19/09/2023;CSR;COSUMAR;209.00;201.00;209.00;200.50;644895.10;3214;32;18991915743.00
18/09/2023;CSR;COSUMAR;201.90;206.00;206.95;201.90;227716.70;1105;18;19464351458.00
15/09/2023;CSR;COSUMAR;199.10;201.00;203.00;199.00;4357720.70;21733;24;18991915743.00
14/09/2023;CSR;COSUMAR;200.00;202.50;202.50;199.00;2534847.80;12689;15;19133646457.50
13/09/2023;CSR;COSUMAR;200.00;200.00;202.00;200.00;9821839.50;49106;18;18897428600.00
12/09/2023;CSR;COSUMAR;202.00;197.60;202.00;197.60;338533.60;1711;9;18670659456.80
