,ticker,total_mentions,unique_authors,mean_sentiment,median_sentiment,std_sentiment,min_sentiment,max_sentiment,signal_ACHAT_FORT,signal_ACHETER,signal_RENFORCEMENT,signal_VENTE,signal_PANIQUE,signal_EUPHORIE,signal_DOUTE,signal_RUMEUR,signal_IRONIE,signal_FOMO,first_mention,last_mention,sm_weighted_sentiment,sm_message_count,sm_author_count,conviction_score,strong_buy_ratio,strong_sell_ratio,buy_ratio,panic_ratio,polarization,trending_ratio,is_trending,recent_30d_avg,baseline_90d_avg,sector,general_score,predictive_score,general_rank,predictive_rank,sector_rank,classification
0,CFGB,88,55,0.07277272727272727,0.0,0.351530961252225,-0.76,1.0,1,19,1,20,0,4,2,0,0,0,2021-04-08 15:12:14,2026-06-24 08:50:47,0.0727727272727273,88.0,55.0,0.23863636363636365,0.011363636363636364,0.22727272727272727,0.2159090909090909,0.0,0.351530961252225,1.5,False,0.03,0.02,Banques,76.9,71.7,1,2,1,Meilleur pari
1,AFM,26,18,0.04153846153846154,0.0,0.3404431501169299,-0.36,1.0,0,1,0,8,0,0,0,1,0,0,2021-02-26 12:25:48,2026-01-19 11:06:42,0.04153846153846154,26.0,18.0,0.3076923076923077,0.0,0.3076923076923077,0.038461538461538464,0.0,0.3404431501169299,3.0,True,0.03,0.01,Assurances,76.1,81.5,2,1,1,Meilleur pari
2,T2S,21,14,-0.007619047619047613,0.0,0.3376078310985212,-0.36,1.0,1,0,0,7,0,1,0,0,0,0,2023-04-09 12:33:18,2026-07-02 12:57:57,-0.007619047619047597,21.0,14.0,0.38095238095238093,0.047619047619047616,0.3333333333333333,0.0,0.0,0.3376078310985212,1.833,True,0.37,0.2,Santé & Pharmacie,71.9,69.0,3,3,1,Meilleur pari
3,WAF,65,34,0.028307692307692305,0.0,0.29723501450225187,-0.56,1.0,1,8,1,14,0,1,1,0,2,0,2021-02-26 09:07:54,2026-06-02 16:46:24,0.02830769230769231,65.0,34.0,0.2153846153846154,0.015384615384615385,0.2153846153846154,0.12307692307692308,0.0,0.29723501450225187,2.25,True,0.1,0.04,Assurances,66.1,68.3,4,4,2,Meilleur pari
4,FNB,123,53,0.021065040650406507,0.0,0.39896671334585065,-1.0,1.0,1,6,1,20,1,0,1,0,1,0,2021-01-21 14:54:24,2026-03-26 10:04:49,0.021065040650406507,123.0,53.0,0.17073170731707318,0.008130081300813009,0.16260162601626016,0.04878048780487805,0.008130081300813009,0.39896671334585065,2.0,True,0.07,0.03,Distribution,61.0,62.6,5,7,1,Meilleur pari
5,HAL,222,74,0.039909909909909905,0.0,0.3621429319471358,-1.0,1.0,3,9,1,24,1,2,4,0,2,0,2021-02-01 09:46:15,2026-06-24 18:17:47,0.03990990990990992,222.0,74.0,0.12162162162162163,0.013513513513513514,0.10810810810810811,0.04054054054054054,0.0045045045045045045,0.3621429319471358,1.0,False,0.13,0.13,Distribution,61.0,55.5,5,18,1,Meilleur pari
6,SAF,103,44,-0.02342718446601941,0.0,0.31277128152673705,-0.76,1.0,0,5,0,28,0,1,0,0,1,0,2021-05-30 23:16:23,2026-06-01 21:04:09,-0.023427184466019418,103.0,44.0,0.27184466019417475,0.0,0.27184466019417475,0.04854368932038835,0.0,0.31277128152673705,2.0,True,0.2,0.1,Assurances,60.0,61.0,7,8,3,Meilleur pari
7,ATW,2809,278,0.03743182627269491,0.0,0.3437200508552665,-1.0,1.0,16,209,23,303,8,40,32,12,30,0,2020-12-23 09:48:49,2026-07-02 14:44:04,0.03743182627269491,2809.0,278.0,0.11142755428978283,0.005695977216091136,0.10786756852972589,0.07440370238519046,0.002847988608045568,0.3437200508552665,0.846,False,1.1,1.3,Banques,59.7,53.3,8,26,2,Neutre
8,TMA,882,131,0.025484126984126984,0.0,0.38555198026555976,-1.0,1.0,6,52,8,120,4,23,11,1,13,1,2020-12-23 13:39:26,2026-06-29 21:51:23,0.025484126984126988,882.0,131.0,0.14285714285714285,0.006802721088435374,0.1360544217687075,0.05895691609977324,0.0045351473922902496,0.38555198026555976,0.706,False,0.13,0.19,Énergie,59.7,52.2,8,29,1,Neutre
9,S2M,797,112,0.04992095357590966,0.0,0.3240407723354774,-1.0,1.0,8,59,8,54,3,8,9,1,4,0,2020-12-23 18:26:49,2026-06-24 10:34:51,0.04992095357590967,797.0,112.0,0.07779171894604768,0.010037641154328732,0.06775407779171895,0.0740276035131744,0.0037641154328732747,0.3240407723354774,1.091,False,0.13,0.12,Technologies,59.5,55.2,10,20,1,Neutre
10,CMGP,1280,188,0.03775234375,0.0,0.3319272277377349,-1.0,1.0,13,71,11,125,1,13,8,4,9,0,2024-10-30 16:20:34,2026-07-02 12:48:17,0.03775234375000001,1280.0,188.0,0.10703125,0.01015625,0.09765625,0.05546875,0.00078125,0.3319272277377349,0.506,False,0.97,1.91,Distribution,59.4,50.6,11,35,3,Neutre
11,AFI,349,79,0.04520057306590258,0.0,0.30989609845680727,-1.0,1.0,1,22,3,28,0,5,4,0,2,0,2021-03-25 22:53:31,2026-06-19 14:44:36,0.0452005730659026,349.0,79.0,0.0830945558739255,0.0028653295128939827,0.08022922636103152,0.06303724928366762,0.0,0.30989609845680727,1.8,True,0.1,0.06,Matériaux de construction,59.0,60.0,12,10,1,Neutre
12,CDM,769,139,0.024288686605981796,0.0,0.3443339810559819,-1.0,1.0,5,82,8,100,8,15,9,9,9,0,2020-12-29 15:40:02,2026-07-01 19:17:37,0.024288686605981796,769.0,139.0,0.1352405721716515,0.006501950585175552,0.13003901170351106,0.10663198959687907,0.010403120936280884,0.3443339810559819,1.988,True,1.77,0.89,Banques,58.9,60.9,13,9,3,Neutre
13,PPM,276,44,0.02747826086956522,0.0,0.3091227639014236,-1.0,1.0,4,20,4,31,1,3,2,0,0,0,2021-03-01 09:27:19,2026-06-25 15:42:18,0.02747826086956523,276.0,44.0,0.12681159420289856,0.014492753623188406,0.11231884057971014,0.07246376811594203,0.0036231884057971015,0.3091227639014236,1.696,True,0.43,0.26,Santé & Pharmacie,58.9,58.8,13,13,2,Neutre
14,STK,449,83,0.03734966592427617,0.0,0.3278014632911599,-1.0,1.0,4,24,3,42,2,4,11,0,2,0,2021-02-26 09:29:22,2026-06-25 22:37:04,0.03734966592427617,449.0,83.0,0.10022271714922049,0.008908685968819599,0.0935412026726058,0.053452115812917596,0.004454342984409799,0.3278014632911599,1.263,False,0.27,0.21,Distribution,58.8,55.7,15,17,4,Neutre
15,MSA,1708,229,0.039459016393442625,0.0,0.3419254828351308,-1.0,1.0,19,117,17,139,12,16,24,1,27,0,2020-12-24 09:47:03,2026-07-02 14:44:04,0.039459016393442625,1708.0,229.0,0.09016393442622951,0.011124121779859485,0.08138173302107728,0.06850117096018736,0.00702576112412178,0.3419254828351308,0.636,False,0.23,0.37,Transport & Logistique,58.4,50.9,16,34,1,Neutre
16,ADI,14122,372,0.03731114573006657,0.0,0.346745358118796,-1.0,1.0,177,964,159,1184,84,139,171,20,227,1,2020-12-23 15:51:12,2026-07-02 15:30:57,0.03731114573006656,14122.0,372.0,0.09453335221639994,0.012533635462399094,0.08384081574847756,0.06826228579521314,0.005948165982155502,0.346745358118796,1.205,False,6.6,5.48,Immobilier,58.3,54.9,17,23,1,Neutre
17,CIH,1196,190,0.027934782608695655,0.0,0.35256950994301683,-1.0,1.0,8,85,10,131,4,11,15,8,11,0,2021-01-27 19:56:20,2026-06-30 16:02:49,0.027934782608695655,1196.0,190.0,0.11622073578595318,0.006688963210702341,0.10953177257525083,0.07107023411371237,0.0033444816053511705,0.35256950994301683,0.305,False,0.2,0.66,Banques,58.1,48.0,18,65,4,Neutre
18,CAR,137,63,0.015350364963503652,0.0,0.30168238048437424,-1.0,1.0,3,2,1,18,0,2,1,0,2,0,2021-02-14 19:40:59,2026-06-30 23:57:10,0.015350364963503655,137.0,63.0,0.145985401459854,0.021897810218978103,0.13138686131386862,0.014598540145985401,0.0,0.30168238048437424,0.375,False,0.03,0.09,Agroalimentaire,57.9,48.2,19,62,1,Neutre
19,TQA,856,152,0.01987733644859813,0.0,0.3184529712180053,-1.0,1.0,4,60,4,109,2,14,6,2,17,0,2020-12-30 12:35:48,2026-06-18 17:16:48,0.019877336448598133,856.0,152.0,0.13200934579439252,0.004672897196261682,0.12733644859813084,0.07009345794392523,0.002336448598130841,0.3184529712180053,1.308,False,0.57,0.43,Énergie,57.7,55.0,20,22,2,Neutre
20,NEJ,80,37,-0.011999999999999999,0.0,0.41425974851595987,-1.0,1.0,2,3,1,15,0,0,0,0,0,0,2020-12-23 16:02:55,2026-06-24 15:26:41,-0.011999999999999999,80.0,37.0,0.2125,0.025,0.1875,0.0375,0.0,0.41425974851595987,0.75,False,0.03,0.04,Distribution,57.6,50.3,21,40,5,Neutre
21,CTM,883,137,0.032271800679501694,0.0,0.33063913021699987,-1.0,1.0,12,44,13,76,1,12,9,1,7,0,2021-01-14 09:42:46,2026-06-27 15:46:25,0.0322718006795017,883.0,137.0,0.0985277463193658,0.013590033975084938,0.08607021517553794,0.04983012457531144,0.0011325028312570782,0.33063913021699987,0.675,False,0.9,1.33,Transport & Logistique,57.6,50.4,21,39,2,Neutre
22,DAR,34,21,-0.1361764705882353,0.0,0.4134849284995243,-0.76,1.0,0,3,0,18,0,0,0,0,2,0,2021-03-31 10:03:24,2026-06-22 13:00:17,-0.13617647058823532,34.0,21.0,0.5294117647058824,0.0,0.5294117647058824,0.08823529411764706,0.0,0.4134849284995243,3.0,True,0.17,0.06,Agroalimentaire,57.5,64.6,23,6,2,Neutre
23,TGCC,8778,409,0.030423558897243106,0.0,0.3291334134193929,-1.0,1.0,91,554,88,821,22,103,91,11,118,1,2021-04-14 17:13:16,2026-07-02 10:38:18,0.030423558897243113,8778.0,409.0,0.10184552289815448,0.01036682615629984,0.09352927773980406,0.06311232627022101,0.002506265664160401,0.3291334134193929,0.895,False,2.73,3.06,BTP & Construction,57.5,51.9,23,31,1,Neutre
24,DSW,2587,149,0.03142674913026672,0.0,0.3472527818975115,-1.0,1.0,17,171,8,238,3,46,41,3,37,0,2020-12-24 18:54:47,2026-06-26 12:19:44,0.03142674913026673,2587.0,149.0,0.09625048318515655,0.006571318129107074,0.09199845380749903,0.06609972941631233,0.0011596443757247777,0.3472527818975115,1.354,False,1.23,0.91,Distribution IT,57.2,55.1,25,21,1,Neutre
25,CIM,358,74,-0.001921787709497207,0.0,0.35792342189151544,-1.0,1.0,3,31,4,64,3,10,4,0,4,0,2021-01-04 15:33:38,2026-07-01 18:39:18,-0.0019217877094972076,358.0,74.0,0.18156424581005587,0.008379888268156424,0.1787709497206704,0.08659217877094973,0.008379888268156424,0.35792342189151544,2.0,True,0.33,0.17,Matériaux de construction,57.2,59.3,25,12,2,Neutre
26,ARD,567,129,0.005917107583774252,0.0,0.34703502105343115,-1.0,1.0,5,37,3,87,2,2,11,0,12,0,2020-12-23 16:44:36,2026-06-02 10:19:42,0.005917107583774248,567.0,129.0,0.15873015873015872,0.008818342151675485,0.15343915343915343,0.06525573192239859,0.003527336860670194,0.34703502105343115,0.5,False,0.07,0.13,Immobilier,57.0,48.3,27,59,2,Neutre
27,JET,12577,388,0.0351622008428083,0.0,0.33450269274845806,-1.0,1.0,180,782,136,873,57,109,122,15,162,0,2020-12-23 14:34:45,2026-07-02 10:40:37,0.03516220084280829,12577.0,388.0,0.08173650314065357,0.014311839071320664,0.06941241949590522,0.062176989743182,0.004532082372584877,0.33450269274845806,0.64,False,1.83,2.87,BTP & Construction,56.9,49.7,28,45,2,Neutre
28,IMI,216,77,0.011106481481481481,0.0,0.3660612259815253,-1.0,1.0,0,14,0,31,1,5,2,0,2,0,2020-12-24 16:18:20,2026-06-24 10:19:09,0.011106481481481486,216.0,77.0,0.14351851851851852,0.0,0.14351851851851852,0.06481481481481481,0.004629629629629629,0.3660612259815253,0.429,False,0.03,0.08,Immobilier,56.9,47.7,28,66,3,Neutre
29,DHO,1244,171,0.03185128617363344,0.0,0.31940778301210276,-1.0,1.0,14,68,13,102,3,19,14,0,8,0,2020-12-23 13:19:19,2026-06-22 15:45:39,0.03185128617363344,1244.0,171.0,0.09003215434083602,0.011254019292604502,0.0819935691318328,0.05466237942122187,0.002411575562700965,0.31940778301210276,0.455,False,0.67,1.47,Holdings,56.8,48.2,30,62,1,Neutre
30,MRL,10,9,-0.012,0.0,0.4353491574459389,-0.76,1.0,0,0,0,2,0,0,0,0,0,0,2021-07-06 14:34:09,2025-11-26 22:49:14,-0.012000000000000004,10.0,9.0,0.2,0.0,0.2,0.0,0.0,0.4353491574459389,3.0,True,0.03,0.01,Sociétés de financement,56.7,66.1,31,5,1,Neutre
31,CSR,875,156,0.004243428571428572,0.0,0.3506220708337356,-1.0,1.0,7,57,5,133,4,14,17,0,15,0,2020-12-23 15:44:30,2026-07-02 14:44:04,0.0042434285714285725,875.0,156.0,0.15771428571428572,0.008,0.152,0.06514285714285714,0.004571428571428572,0.3506220708337356,0.571,False,0.13,0.23,Agroalimentaire,56.6,48.4,32,57,3,Neutre
32,SOT,1628,154,0.022469901719901722,0.0,0.32398407573642146,-1.0,1.0,17,85,13,167,7,8,16,2,21,2,2021-01-14 22:43:52,2026-06-30 00:32:54,0.02246990171990172,1628.0,154.0,0.11056511056511056,0.010442260442260442,0.10257985257985258,0.05221130221130221,0.0042997542997543,0.32398407573642146,0.512,False,0.97,1.89,Santé & Pharmacie,56.6,48.3,32,59,3,Neutre
33,RIS,2912,231,0.030961195054945056,0.0,0.31672753816191457,-1.0,1.0,24,192,20,227,10,29,46,2,34,2,2020-12-23 16:45:16,2026-07-01 14:05:10,0.030961195054945056,2912.0,231.0,0.08379120879120878,0.008241758241758242,0.0779532967032967,0.06593406593406594,0.003434065934065934,0.31672753816191457,0.641,False,2.4,3.74,Tourisme & Loisirs,56.2,49.1,35,50,1,Neutre
34,AKD,2752,302,0.013863372093023256,0.0,0.34305332161550506,-1.0,1.0,27,174,23,335,9,29,34,9,35,1,2021-05-10 10:38:15,2026-07-02 12:59:21,0.013863372093023262,2752.0,302.0,0.12863372093023256,0.009811046511627907,0.12172965116279069,0.06322674418604651,0.0032703488372093025,0.34305332161550506,0.824,False,0.47,0.57,Santé & Pharmacie,56.2,50.2,35,42,4,Neutre
35,HPS,2816,231,0.02037180397727273,0.0,0.35650608733862843,-1.0,1.0,20,211,23,299,9,38,42,5,41,0,2020-12-23 10:37:25,2026-07-02 12:56:02,0.020371803977272732,2816.0,231.0,0.11115056818181818,0.007102272727272727,0.10617897727272728,0.07492897727272728,0.0031960227272727275,0.35650608733862843,1.047,False,0.5,0.48,Technologies,56.2,51.9,35,31,2,Neutre
36,DTT,1424,160,0.02677738764044944,0.0,0.3525463825007905,-1.0,1.0,7,82,6,131,3,16,14,0,16,0,2021-05-17 15:09:06,2026-07-02 14:09:06,0.026777387640449447,1424.0,160.0,0.09339887640449439,0.0049157303370786515,0.09199438202247191,0.05758426966292135,0.002106741573033708,0.3525463825007905,1.5,True,0.77,0.51,Distribution IT,56.1,55.3,37,19,2,Neutre
37,ENK,278,96,0.00025179856115107777,0.0,0.38196991004641845,-1.0,1.0,2,13,3,43,3,3,4,0,0,0,2021-01-14 17:13:40,2026-06-21 10:49:12,0.00025179856115108243,278.0,96.0,0.15827338129496402,0.007194244604316547,0.15467625899280577,0.046762589928057555,0.01079136690647482,0.38196991004641845,2.143,True,0.17,0.08,Distribution,55.8,59.4,38,11,6,Neutre
38,MNG,6899,317,0.023459341933613567,0.0,0.34016904776752155,-1.0,1.0,72,457,56,623,34,100,97,11,99,1,2020-12-23 08:53:34,2026-07-02 15:47:00,0.02345934193361357,6899.0,317.0,0.09769531816205247,0.010436295115234091,0.09030294245542832,0.06624148427308306,0.004928250471082766,0.34016904776752155,0.692,False,7.93,11.47,Mines,55.7,49.0,39,51,1,Neutre
39,RDS,14921,417,0.03242805441994504,0.0,0.31157759986617367,-1.0,1.0,179,932,119,912,64,99,151,11,183,4,2020-12-23 15:52:08,2026-07-02 13:58:59,0.03242805441994504,14921.0,417.0,0.07177803096307218,0.011996514978888815,0.06112190871925474,0.062462301454326116,0.004289256752228403,0.31157759986617367,0.898,False,7.23,8.06,Immobilier,55.5,50.5,40,37,4,Neutre
40,MIC,912,102,0.017700657894736842,0.0,0.35322660634946007,-1.0,1.0,1,63,1,100,6,18,19,0,22,0,2020-12-23 09:38:02,2026-05-20 13:49:58,0.01770065789473684,912.0,102.0,0.10964912280701754,0.0010964912280701754,0.10964912280701754,0.06907894736842106,0.006578947368421052,0.35322660634946007,1.25,False,0.17,0.13,Technologies,55.5,52.9,40,27,3,Neutre
41,IAM,3118,280,0.015364977549711353,0.0,0.36123580736076716,-1.0,1.0,24,258,18,331,23,62,39,2,34,0,2020-12-24 09:57:16,2026-07-02 14:44:04,0.015364977549711358,3118.0,280.0,0.11096856959589481,0.007697241821680564,0.10615779345734445,0.08274534958306606,0.0073765234124438745,0.36123580736076716,1.397,False,0.9,0.64,Télécommunications,55.2,53.6,42,25,1,Neutre
42,ADH,18388,443,0.025678921035457908,0.0,0.31949652671679685,-1.0,1.0,163,1103,133,1418,94,165,223,20,275,2,2020-12-23 15:47:16,2026-07-02 15:47:07,0.02567892103545791,18388.0,443.0,0.08402218838372852,0.008864476832716989,0.07711551011529258,0.05998477267783337,0.0051120295845116384,0.31949652671679685,0.786,False,3.63,4.62,Immobilier,55.1,49.3,43,48,5,Neutre
43,SNA,4858,304,0.01570625771922602,0.0,0.3065039597424716,-1.0,1.0,51,293,31,483,16,39,44,8,68,0,2020-12-22 23:21:51,2026-07-02 14:44:04,0.01570625771922602,4858.0,304.0,0.10827501029230135,0.010498147385755455,0.0994236311239193,0.060312885961300945,0.0032935364347468094,0.3065039597424716,0.309,False,0.47,1.51,Sidérurgie & Métallurgie,55.0,45.5,44,73,1,Neutre
44,SGTM,1887,237,0.005593004769475358,0.0,0.29945437075309145,-1.0,1.0,20,103,15,233,6,24,25,2,19,0,2021-04-30 01:00:16,2026-06-30 16:44:29,0.005593004769475358,1887.0,237.0,0.13301536830948596,0.010598834128245893,0.12347641759406465,0.054583995760466346,0.003179650238473768,0.29945437075309145,1.147,False,1.73,1.51,BTP & Construction,54.9,51.4,45,33,3,Neutre
45,COL,447,111,-0.005093959731543623,0.0,0.3597582897254957,-1.0,1.0,6,20,1,65,1,2,4,0,6,0,2020-12-25 18:15:15,2026-06-23 12:41:37,-0.005093959731543624,447.0,111.0,0.15883668903803133,0.013422818791946308,0.14541387024608501,0.0447427293064877,0.0022371364653243847,0.3597582897254957,1.286,False,0.2,0.16,Chimie,54.8,52.2,46,29,1,Neutre
46,LHM,1198,152,0.0024991652754590985,0.0,0.33336798503994813,-1.0,1.0,6,73,11,163,7,7,11,3,11,0,2021-01-04 18:54:02,2026-07-02 14:44:04,0.002499165275459098,1198.0,152.0,0.13856427378964942,0.005008347245409015,0.13606010016694492,0.06093489148580968,0.005843071786310518,0.33336798503994813,1.015,False,0.77,0.76,Matériaux de construction,54.7,50.3,47,40,3,Neutre
47,ATL,917,126,0.012644492911668486,0.0,0.30721301818483726,-1.0,1.0,3,49,5,94,3,4,9,0,11,0,2021-02-26 09:07:54,2026-06-12 15:30:17,0.012644492911668482,917.0,126.0,0.10577971646673937,0.003271537622682661,0.1025081788440567,0.05343511450381679,0.003271537622682661,0.30721301818483726,0.833,False,0.17,0.2,Assurances,54.2,48.7,48,54,4,Neutre
48,SMI,4511,250,0.019175127466193747,0.0,0.34194400212231935,-1.0,1.0,42,264,36,352,18,55,50,1,60,0,2020-12-23 10:36:08,2026-07-02 15:47:00,0.019175127466193757,4511.0,250.0,0.08623365107514963,0.00931057415207271,0.07803147860784748,0.05852360895588561,0.003990246065174019,0.34194400212231935,1.038,False,8.6,8.29,Mines,54.0,50.2,49,42,2,Neutre
49,INV,238,77,0.023655462184873948,0.0,0.33729452096497536,-1.0,1.0,1,3,0,17,0,10,5,0,2,0,2021-02-02 21:22:31,2026-06-26 13:05:00,0.02365546218487395,238.0,77.0,0.07563025210084033,0.004201680672268907,0.07142857142857142,0.012605042016806723,0.0,0.33729452096497536,0.9,False,0.1,0.11,Technologies,54.0,49.3,49,48,4,Neutre
50,SNP,3050,213,0.013339344262295083,0.0,0.3535788213010546,-1.0,1.0,23,189,32,285,21,35,56,9,75,1,2020-12-23 11:46:23,2026-07-01 13:04:09,0.013339344262295083,3050.0,213.0,0.09934426229508196,0.0075409836065573775,0.09344262295081968,0.061967213114754095,0.006885245901639345,0.3535788213010546,0.987,False,0.87,0.88,Chimie,53.8,49.6,51,46,2,Neutre
51,BCP,4068,368,0.012954523107177974,0.0,0.34911058109572,-1.0,1.0,32,302,26,379,42,50,71,11,63,0,2020-12-23 15:48:58,2026-07-02 10:03:53,0.012954523107177974,4068.0,368.0,0.09980334316617502,0.007866273352999017,0.0931661750245821,0.07423795476892822,0.01032448377581121,0.34911058109572,1.113,False,2.97,2.67,Banques,53.8,50.5,51,37,5,Neutre
52,CASH,431,122,0.020665893271461715,0.0,0.32054538512829817,-1.0,1.0,5,24,2,27,2,7,7,0,3,0,2021-02-23 09:05:49,2026-06-23 18:08:06,0.020665893271461722,431.0,122.0,0.07424593967517401,0.01160092807424594,0.06264501160092807,0.05568445475638051,0.004640371229698376,0.32054538512829817,0.947,False,0.2,0.21,Sociétés de financement,53.3,49.0,53,51,2,Neutre
53,BOA,1290,211,-0.00691705426356589,0.0,0.32874338893411525,-1.0,1.0,12,86,10,179,9,18,14,8,8,0,2020-12-23 10:05:31,2026-06-23 15:33:59,-0.006917054263565893,1290.0,211.0,0.1434108527131783,0.009302325581395349,0.1387596899224806,0.06666666666666667,0.0069767441860465115,0.32874338893411525,0.982,False,0.6,0.61,Banques,53.2,48.7,54,54,6,Neutre
54,VCNE,538,141,0.010721189591078066,0.0,0.30046306341015516,-1.0,1.0,2,28,2,51,1,9,5,1,5,0,2025-06-05 08:58:40,2026-06-26 15:28:31,0.01072118959107807,538.0,141.0,0.09665427509293681,0.0037174721189591076,0.09479553903345725,0.05204460966542751,0.0018587360594795538,0.30046306341015516,1.462,False,0.63,0.43,Santé & Pharmacie,53.1,52.5,55,28,5,Neutre
55,BMC,803,136,-0.013480697384806973,0.0,0.3213896541412606,-1.0,1.0,1,62,4,126,3,13,13,12,9,0,2021-01-27 13:21:46,2026-06-24 11:50:35,-0.013480697384806978,803.0,136.0,0.1581569115815691,0.0012453300124533001,0.1569115815691158,0.07721046077210461,0.0037359900373599006,0.3213896541412606,0.333,False,0.1,0.3,Banques,53.0,43.7,56,77,7,Neutre
56,MUT,1248,181,-0.01954807692307692,0.0,0.34073462444344377,-1.0,1.0,15,73,10,195,6,5,15,3,20,0,2021-01-07 16:53:45,2026-06-30 01:31:50,-0.019548076923076925,1248.0,181.0,0.1674679487179487,0.01201923076923077,0.15625,0.058493589743589744,0.004807692307692308,0.34073462444344377,0.9,False,0.3,0.33,Agroalimentaire,52.5,47.4,57,67,4,Neutre
57,CMT,3470,250,0.0074804034582132565,0.0,0.34761408498585267,-1.0,1.0,31,207,18,310,17,36,71,5,45,1,2020-12-30 10:29:44,2026-07-02 15:19:26,0.007480403458213259,3470.0,250.0,0.0968299711815562,0.008933717579250721,0.0893371757925072,0.059654178674351584,0.004899135446685879,0.34761408498585267,0.786,False,4.33,5.51,Mines,52.4,47.0,58,68,3,Neutre
58,LBV,531,97,-0.0024726930320150657,0.0,0.36380110768253004,-1.0,1.0,2,38,2,64,2,5,4,0,15,0,2020-12-23 15:59:31,2026-06-25 15:41:41,-0.0024726930320150653,531.0,97.0,0.1224105461393597,0.003766478342749529,0.12052730696798493,0.07156308851224105,0.003766478342749529,0.36380110768253004,0.968,False,0.33,0.34,Distribution,52.4,48.1,58,64,7,Neutre
59,SRM,879,117,0.015199089874857793,0.0,0.30831184875248496,-1.0,1.0,4,36,1,61,1,9,11,1,6,0,2020-12-25 21:49:34,2026-06-26 18:13:03,0.015199089874857795,879.0,117.0,0.07394766780432309,0.004550625711035267,0.06939704209328783,0.040955631399317405,0.0011376564277588168,0.30831184875248496,0.277,False,0.4,1.44,Ingénierie & Industrie,52.2,43.2,60,78,1,Neutre
60,SLM,162,49,0.005802469135802469,0.0,0.24945836579909975,-1.0,1.0,0,4,1,16,1,2,1,0,2,0,2021-03-12 19:55:42,2026-06-22 15:47:47,0.005802469135802469,162.0,49.0,0.09876543209876543,0.0,0.09876543209876543,0.024691358024691357,0.006172839506172839,0.24945836579909975,0.72,False,0.2,0.28,Sociétés de financement,52.2,46.3,60,69,3,Neutre
61,EQD,95,41,-0.044631578947368425,0.0,0.3195136281391286,-1.0,1.0,0,4,0,21,0,0,3,0,0,0,2021-02-26 11:31:29,2026-06-26 12:25:37,-0.04463157894736844,95.0,41.0,0.22105263157894736,0.0,0.22105263157894736,0.042105263157894736,0.0,0.3195136281391286,2.0,True,0.07,0.03,Sociétés de financement,51.7,54.4,62,24,4,Neutre
62,GAZ,260,90,-0.007157692307692307,0.0,0.31900088073500976,-1.0,1.0,2,18,3,32,1,1,4,0,4,0,2021-01-01 18:17:40,2026-06-18 15:25:07,-0.007157692307692306,260.0,90.0,0.12307692307692308,0.007692307692307693,0.12307692307692308,0.06923076923076923,0.0038461538461538464,0.31900088073500976,0.818,False,0.1,0.12,Énergie,51.5,46.3,63,69,3,Neutre
63,STR,1357,164,0.007200442151805454,0.0,0.28593044242509263,-1.0,1.0,7,63,2,94,5,9,16,2,9,0,2021-01-20 15:51:00,2026-06-26 18:36:12,0.007200442151805456,1357.0,164.0,0.07369196757553427,0.005158437730287398,0.06927044952100221,0.04642593957258659,0.0036845983787767134,0.28593044242509263,0.789,False,0.33,0.42,Ingénierie & Industrie,50.5,45.6,64,72,2,Neutre
64,IBM,293,69,0.013539249146757679,0.0,0.31122349586573045,-1.0,1.0,4,18,1,11,0,6,7,0,4,0,2021-01-22 18:41:09,2026-06-29 17:59:01,0.013539249146757682,293.0,69.0,0.051194539249146756,0.013651877133105802,0.03754266211604096,0.06143344709897611,0.0,0.31122349586573045,1.2,False,0.47,0.39,Technologies,50.0,48.3,65,59,5,Neutre
65,LES,593,111,-0.026070826306913996,0.0,0.3392782059847667,-1.0,1.0,3,22,0,84,6,3,11,3,7,0,2021-01-14 17:22:02,2026-06-25 15:41:41,-0.026070826306914,593.0,111.0,0.1467116357504216,0.00505902192242833,0.14165261382799327,0.03709949409780776,0.01011804384485666,0.3392782059847667,1.364,False,0.17,0.12,Agroalimentaire,49.6,48.5,66,56,5,Neutre
66,M2M,251,77,-0.024557768924302788,0.0,0.3296822828867247,-1.0,1.0,1,15,2,34,0,3,3,1,4,0,2020-12-24 20:35:56,2026-06-18 11:56:26,-0.02455776892430279,251.0,77.0,0.1394422310756972,0.00398406374501992,0.13545816733067728,0.05976095617529881,0.0,0.3296822828867247,1.5,False,0.1,0.07,Technologies,49.3,49.3,67,48,6,Neutre
67,DLM,599,88,-0.008724540901502504,0.0,0.3089743079805419,-1.0,1.0,4,31,2,50,2,7,9,3,9,0,2021-01-22 18:41:09,2026-06-03 10:03:52,-0.008724540901502506,599.0,88.0,0.09015025041736227,0.00667779632721202,0.08347245409015025,0.05175292153589316,0.00333889816360601,0.3089743079805419,0.692,False,0.1,0.14,Ingénierie & Industrie,48.6,43.1,68,79,3,Neutre
68,AGM,72,35,-0.010972222222222223,0.0,0.23147512093504471,-1.0,1.0,0,4,0,6,0,2,2,0,3,0,2021-02-26 00:19:41,2026-04-15 09:32:46,-0.010972222222222218,72.0,35.0,0.08333333333333333,0.0,0.08333333333333333,0.05555555555555555,0.0,0.23147512093504471,1.5,False,0.03,0.02,Assurances,47.6,48.3,69,59,5,Neutre
69,DIS,131,33,-0.008549618320610687,0.0,0.28126123126266733,-1.0,1.0,0,6,0,10,0,5,5,2,2,0,2020-12-30 20:55:08,2026-05-18 09:59:14,-0.008549618320610687,131.0,33.0,0.07633587786259542,0.0,0.07633587786259542,0.04580152671755725,0.0,0.28126123126266733,0.6,False,0.03,0.06,Sociétés de financement,47.5,41.7,70,80,5,Neutre
70,MDP,1461,141,0.0006659822039698835,0.0,0.31399858105354705,-1.0,1.0,1,66,3,65,4,8,18,3,17,0,2021-01-14 09:47:35,2026-06-30 11:22:52,0.000665982203969884,1461.0,141.0,0.045174537987679675,0.0006844626967830253,0.044490075290896644,0.045174537987679675,0.0027378507871321013,0.31399858105354705,1.0,False,0.33,0.33,Papier,46.9,44.3,71,74,1,Neutre
71,MOX,171,38,-0.0003918128654970783,0.0,0.32075189925198117,-1.0,1.0,0,7,0,8,0,1,3,0,4,0,2021-02-15 09:57:14,2026-02-02 11:08:18,-0.00039181286549707837,171.0,38.0,0.04678362573099415,0.0,0.04678362573099415,0.04093567251461988,0.0,0.32075189925198117,1.0,False,0.03,0.03,Chimie,46.9,44.2,71,75,3,Neutre
72,MGL,19,17,-0.044894736842105265,0.0,0.18159077764665194,-0.493,0.36,0,1,0,3,0,0,0,0,0,0,2021-09-30 10:39:07,2026-04-23 14:18:46,-0.04489473684210526,19.0,17.0,0.15789473684210525,0.0,0.15789473684210525,0.05263157894736842,0.0,0.18159077764665194,3.0,True,0.1,0.03,Sociétés de financement,46.6,58.0,73,14,6,Neutre
73,UNI,42,25,-0.05142857142857142,0.0,0.27003677643457696,-1.0,1.0,0,1,0,7,0,0,0,0,0,0,2021-07-13 13:18:06,2026-04-26 21:17:26,-0.05142857142857144,42.0,25.0,0.16666666666666666,0.0,0.16666666666666666,0.023809523809523808,0.0,0.27003677643457696,2.0,True,0.07,0.03,Agroalimentaire,46.0,50.0,74,44,6,Neutre
74,OUL,106,47,-0.03632075471698113,0.0,0.27769697589689757,-1.0,1.0,0,5,1,13,0,0,2,0,1,0,2021-01-10 11:10:54,2026-06-19 16:03:47,-0.03632075471698113,106.0,47.0,0.12264150943396226,0.0,0.12264150943396226,0.04716981132075472,0.0,0.27769697589689757,2.077,True,0.3,0.14,Boissons,45.6,50.6,75,35,1,Neutre
75,TIM,89,32,-0.04173033707865168,0.0,0.38485076104088545,-1.0,1.0,0,4,0,12,0,4,1,0,1,0,2020-12-24 12:28:49,2026-04-16 11:44:01,-0.04173033707865169,89.0,32.0,0.1348314606741573,0.0,0.1348314606741573,0.0449438202247191,0.0,0.38485076104088545,1.5,False,0.03,0.02,Transport & Logistique,45.4,46.1,76,71,3,Neutre
76,REB,73,33,-0.023068493150684932,0.0,0.2460670825860705,-1.0,1.0,0,5,0,6,0,1,0,0,2,0,2021-03-31 19:22:09,2026-06-07 17:35:35,-0.023068493150684936,73.0,33.0,0.0821917808219178,0.0,0.0821917808219178,0.0684931506849315,0.0,0.2460670825860705,1.875,True,0.33,0.18,Holdings,45.1,48.9,77,53,2,Neutre
77,BAL,81,42,-0.04020987654320987,0.0,0.27473681570047104,-1.0,1.0,1,3,0,9,0,0,1,0,0,0,2020-12-30 12:31:42,2026-04-16 11:45:20,-0.04020987654320988,81.0,42.0,0.12345679012345678,0.012345679012345678,0.1111111111111111,0.037037037037037035,0.0,0.27473681570047104,3.0,True,0.03,0.01,Immobilier,44.8,56.7,78,16,6,Neutre
78,ZLD,40,23,-0.0035000000000000005,0.0,0.2854375857952407,-1.0,1.0,0,3,0,1,0,0,0,0,1,0,2021-03-16 15:23:39,2026-05-25 18:19:51,-0.003500000000000005,40.0,23.0,0.025,0.0,0.025,0.075,0.0,0.2854375857952407,3.0,True,0.07,0.02,Mines,44.5,57.1,79,15,4,Neutre
79,ALU,66,34,-0.03848484848484848,0.0,0.3806118249678552,-1.0,1.0,0,1,0,6,0,1,0,0,0,0,2021-03-29 22:05:51,2026-01-12 08:23:14,-0.03848484848484849,66.0,34.0,0.09090909090909091,0.0,0.09090909090909091,0.015151515151515152,0.0,0.3806118249678552,1.5,False,0.07,0.04,Sidérurgie & Métallurgie,42.6,44.1,80,76,2,Neutre
80,SBS,16,13,-0.2225,0.0,0.3419064199455752,-1.0,0.04,0,0,0,6,0,0,0,0,0,0,2021-03-23 16:25:08,2026-01-18 20:13:04,-0.2225,16.0,13.0,0.375,0.0,0.375,0.0,0.0,0.3419064199455752,3.0,True,0.03,0.01,Boissons,27.8,40.8,81,81,2,À éviter
