symbol;nom;isin;secteur;date;cours;variation;variation_pct;precedent;volume;volume_mad;market_cap
ADH;Addoha;MA0000011512;Immobilier;2026-09-16;33.97;-0.4196;-1.2200;34.3896;79429;2695518.5;13674666098.38
AFM;AFMA;MA0000012296;Assurance;2026-09-16;1250;0.0000;0.0000;1250.0000;45;56250;1250000000
AFI;Afric Industries;MA0000012114;Industrie;2026-09-16;333;0.0000;0.0000;333.0000;124;41204.5;97069500
GAZ;Afriquia Gaz;MA0000010951;Énergie;2026-09-16;3700;35.9081;0.9800;3664.0919;70;258784;12718750000
AGM;Agma;MA0000010944;Assurance;2026-09-16;7080;400.1245;5.9900;6679.8755;;;1416000000
AKT;Akdital;MA0000012585;Santé;2026-09-16;1140;-5.0382;-0.4400;1145.0382;31288;35666871;16141495980
ADI;Alliances;MA0000011819;Immobilier;2026-09-16;390;-1.0166;-0.2600;391.0166;47479;18688151.65;8610649320
ALM;Aluminium du Maroc;MA0000010936;Matériaux;2026-09-16;1850;-8.9228;-0.4800;1858.9228;1;1850;862014900
ARD;Aradei;MA0000012460;Immobilier;2026-09-16;449.95;-0.0450;-0.0100;449.9950;1191;532194.25;5655030093.5
ATL;AtlantaSanad;MA0000011710;Assurance;2026-09-16;124;0.0000;0.0000;124.0000;453;56029.65;7475165780
ATW;Attijariwafa Bank;MA0000012445;Banque;2026-09-16;697.7;-2.3100;-0.3300;700.0100;23984;16706697.1;150103763370.3
ATH;Auto Hall;MA0000010969;Distribution;2026-09-16;65;0.0000;0.0000;65.0000;1617;105491.51;3519137570
NEJ;Auto Nejma;MA0000011009;Distribution;2026-09-16;5621;0.0000;0.0000;5621.0000;;;5751766944
BAL;Balima;MA0000011991;Immobilier;2026-09-16;188;0.0000;0.0000;188.0000;;;327872000
BOA;Bank of Africa;MA0000012437;Banque;2026-09-16;191.45;-0.5568;-0.2900;192.0068;46185;8833562.15;42172966117.45
BCP;Banque Populaire;MA0000011884;Banque;2026-09-16;240;-0.9881;-0.4100;240.9881;59400;14284598.8;48794993520
BCI;BMCI;MA0000010811;Banque;2026-09-16;580;-9.9705;-1.6900;589.9705;24448;14182568.5;7701985880
SBM;Boissons du Maroc;MA0000010365;Agroalimentaire;2026-09-16;2107;-1.8980;-0.0900;2108.8980;6;12486;5962078871
CRS;Cartier Saada;MA0000011868;Agroalimentaire;2026-09-16;20.3;0.3000;1.5000;20.0000;17688;355006.65;106879500
CAP;Cash Plus;MA0000012767;Finance;2026-09-16;233;4.0074;1.7500;228.9926;990;230781.8;5720869970
CFG;CFG Bank;MA0000012627;Banque;2026-09-16;205;-2.0080;-0.9700;207.0080;1262;258952;7176631800
CIH;CIH Bank;MA0000011454;Banque;2026-09-16;332;-7.8853;-2.3200;339.8853;2033;684882.1;12828924216
CMA;Ciments du Maroc;MA0000010506;Matériaux;2026-09-16;1599;-0.9600;-0.0600;1599.9600;513;820322;23083170396
CMG;CMGP;MA0000012718;Industrie;2026-09-16;304;1.5124;0.5000;302.4876;1443;440100.1;5168273600
COL;Colorado;MA0000011934;Matériaux;2026-09-16;79.65;1.6306;2.0900;78.0194;323;25528.05;1283767716.15
CSR;Cosumar;MA0000012247;Agroalimentaire;2026-09-16;185;-1.0044;-0.5400;186.0044;28449;5271288.5;17480121455
CDM;Crédit du Maroc;MA0000010381;Banque;2026-09-16;986.5;-11.4767;-1.1500;997.9767;2499;2465928.6;11469541263.5
CTM;CTM;MA0000010340;Transport;2026-09-16;868;-1.0429;-0.1200;869.0429;33;28486.8;1064148904
RDS;Dar Saada;MA0000012239;Immobilier;2026-09-16;170.2;-1.8061;-1.0500;172.0061;20942;3560485.35;4460746270
DRI;Dari;MA0000011421;Agroalimentaire;2026-09-16;4200;100.0390;2.4400;4099.9610;;;1253175000
DHO;Delta Holding;MA0000011850;Holding;2026-09-16;52.4;0.8911;1.7300;51.5089;2316;120605.61;4590240000
DYT;Disty;MA0000012536;Technologie;2026-09-16;345.1;-9.9046;-2.7900;355.0046;82;28698.45;344447761
DWY;Disway;MA0000011637;Technologie;2026-09-16;733.1;-6.8818;-0.9300;739.9818;75;55373.1;1382452122.2
NKL;Ennakl;MA0000011942;Automobile;2026-09-16;48.65;-0.0097;-0.0200;48.6597;2001;97428.41;1459500000
EQD;Eqdom;MA0000010357;Finance;2026-09-16;1480;0.0000;0.0000;1480.0000;;;2471970000
FBR;Fenie Brossette;MA0000011587;Distribution;2026-09-16;344;-1.0005;-0.2900;345.0005;924;312621.15;495010496
LHM;Holcim Maroc;MA0000012320;Matériaux;2026-09-16;1712;1.0266;0.0600;1710.9734;757;1307694;40114282880
HPS;HPS;MA0000012619;Technologie;2026-09-16;635.1;-12.8951;-1.9900;647.9951;100;63695.5;4703671269
IBC;IB Maroc;MA0000011132;Technologie;2026-09-16;58.21;2.0986;3.7400;56.1114;62;3677.08;24301860.06
IMO;Immorente;MA0000012387;Immobilier;2026-09-16;92.8;-0.1767;-0.1900;92.9767;769;71149.21;835849600
INV;Involys;MA0000011579;Technologie;2026-09-16;130;3.9944;3.1700;126.0056;387;49308.15;49753080
JET;Jet Contractors;MA0000012080;Construction;2026-09-16;1969;26.0357;1.3400;1942.9643;98;191426;5965128818
LBV;Label Vie;MA0000011801;Distribution;2026-09-16;4098;-102.0615;-2.4300;4200.0615;609;2495863;11859435786
LES;Lesieur;MA0000012031;Agroalimentaire;2026-09-16;305;0.0000;0.0000;305.0000;25;7625;8427610550
M2M;M2M Group;MA0000011678;Technologie;2026-09-16;403.6;-10.9440;-2.6400;414.5440;6;2446.4;261442797.2
MOX;Maghreb Oxygène;MA0000010985;Matériaux;2026-09-16;380;-2.9873;-0.7800;382.9873;1;380;308750000
MAB;Maghrebail;MA0000011215;Finance;2026-09-16;923;33.0183;3.7100;889.9817;321;296283;1277599986
MNG;Managem;MA0000012866;Mines;2026-09-16;1589;-30.9409;-1.9100;1619.9409;16005;25757685;188529701640
MLE;Maroc Leasing;MA0000010035;Finance;2026-09-16;367;0.0000;0.0000;367.0000;7;2569;1019073856
IAM;Maroc Telecom;MA0000011488;Télécom;2026-09-16;95.2;-0.2960;-0.3100;95.4960;25742;2452009.49;83689876368
MSA;Marsa Maroc;MA0000012312;Transport;2026-09-16;835;-4.8713;-0.5800;839.8713;2991;2500505.1;61285326000
MDP;Med Paper;MA0000012593;Industrie;2026-09-16;24.95;-0.0300;-0.1200;24.9800;3560;86115.6;119356383.85
MIC;Microdata;MA0000012163;Technologie;2026-09-16;750;0.0000;0.0000;750.0000;13;9750;1260000000
MUT;Mutandis;MA0000012395;Agroalimentaire;2026-09-16;235;4.8560;2.1100;230.1440;357;83106.2;2172983195
OUL;Oulmès;MA0000010415;Agroalimentaire;2026-09-16;1160;0.0000;0.0000;1160.0000;2;2320;2296800000
PRO;Promopharm;MA0000011660;Santé;2026-09-16;1398;19.0298;1.3800;1378.9702;;;1398000000
REB;Rebab;MA0000010993;Industrie;2026-09-16;97.62;-6.2311;-6.0000;103.8511;;;17225634.72
RIS;Risma;MA0000011462;Tourisme;2026-09-16;320.05;0.0640;0.0200;319.9860;2413;771764.1;5124682846.6
S2M;S2M;MA0000012106;Technologie;2026-09-16;510;-1.0220;-0.2000;511.0220;352;179669.4;414155700
SLF;Salafin;MA0000011744;Finance;2026-09-16;430;-8.9995;-2.0500;438.9995;825;355112.3;1343371170
SAH;Sanlam Maroc;MA0000012007;Assurance;2026-09-16;3150;-8.8448;-0.2800;3158.8448;95;289625;16826903100
GTM;SGTM;MA0000012783;Construction;2026-09-16;610;7.8877;1.3100;602.1123;8901;5433945.4;36600000000
SNP;SNEP;MA0000011728;Matériaux;2026-09-16;323;1.9903;0.6200;321.0097;39;12602.8;775200000
SRM;Société de Réalisations Mécaniques;MA0000011595;Industrie;2026-09-16;463.5;-0.5104;-0.1100;464.0104;130;60255;148320000
SMI;Société Métallurgique d'Imiter;MA0000010068;Mines;2026-09-16;6471;64.0693;1.0000;6406.9307;1098;7087561;10645377390
SID;Sonasid;MA0000010019;Matériaux;2026-09-16;1840;4.9546;0.2700;1835.0454;24;44092;7176000000
SOT;Sothema;MA0000012833;Santé;2026-09-16;365;-3.9105;-1.0600;368.9105;;;13982967500
SNA;Stokvis;MA0000012700;Distribution;2026-09-16;63.8;-0.9519;-1.4700;64.7519;5133;329252.57;1128950570
STR;Stroc;MA0000012056;Industrie;2026-09-16;171;-4.0077;-2.2900;175.0077;117;20342.55;213496065
T2S;T2S Group;MA0000012858;Santé;2026-09-16;220.1;0.1100;0.0500;219.9900;40231;8849997.55;4794916797.4
TQM;TAQA Morocco;MA0000012205;Énergie;2026-09-16;1741;16.0421;0.9300;1724.9579;12105;21086263;41067651622
TGC;TGCC;MA0000012528;Construction;2026-09-16;688;-2.0010;-0.2900;690.0010;8795;6081129.6;23855940416
TMA;TotalEnergies Maroc;MA0000012262;Énergie;2026-09-16;1448;-31.9673;-2.1600;1479.9673;1000;1466794;12974080000
UMR;Unimer;MA0000012023;Agroalimentaire;2026-09-16;169;-3.9962;-2.3100;172.9962;;;1928945720
VCN;Vicenne;MA0000012759;Santé;2026-09-16;326.5;0.3913;0.1200;326.1087;2442;802407.45;3349514525
WAA;Wafa Assurance;MA0000010928;Assurance;2026-09-16;5200;-59.9636;-1.1400;5259.9636;221;1149200;18200000000
ZDJ;Zellidja;MA0000010571;Industrie;2026-09-16;281;3.0024;1.0800;277.9976;33;9165;160970569
